name,shared_name,Type,module
AAGAB,AAGAB,Gene,turquoise
AATF,AATF,Gene,turquoise
ABALON,ABALON,Gene,purple
ABCA1,ABCA1,Gene,turquoise
ABCD1,ABCD1,Gene,turquoise
ABHD2,ABHD2,Gene,turquoise
ABHD8,ABHD8,Gene,grey
ABL2,ABL2,Gene,green
ABR,ABR,Gene,brown
ABRAXAS2,ABRAXAS2,Gene,blue
AC002350.2,AC002350.2,Gene,red
AC003991.1,AC003991.1,Gene,brown
AC004882.3,AC004882.3,Gene,turquoise
AC005037.1,AC005037.1,Gene,green
AC005091.1,AC005091.1,Gene,blue
AC005261.1,AC005261.1,Gene,purple
AC005264.1,AC005264.1,Gene,brown
AC005606.1,AC005606.1,Gene,pink
AC005606.2,AC005606.2,Gene,pink
AC005722.4,AC005722.4,Gene,pink
AC007292.2,AC007292.2,Gene,black
AC007622.2,AC007622.2,Gene,yellow
AC008114.1,AC008114.1,Gene,blue
AC008750.3,AC008750.3,Gene,greenyellow
AC008750.4,AC008750.4,Gene,yellow
AC008761.1,AC008761.1,Gene,grey
AC008875.3,AC008875.3,Gene,grey
AC008894.2,AC008894.2,Gene,turquoise
AC008914.1,AC008914.1,Gene,black
AC009088.3,AC009088.3,Gene,red
AC010168.2,AC010168.2,Gene,brown
AC010969.1,AC010969.1,Gene,yellow
AC011346.1,AC011346.1,Gene,black
AC011445.2,AC011445.2,Gene,turquoise
AC011446.2,AC011446.2,Gene,grey
AC011462.2,AC011462.2,Gene,grey
AC012613.2,AC012613.2,Gene,black
AC015712.2,AC015712.2,Gene,brown
AC015912.1,AC015912.1,Gene,turquoise
AC016588.1,AC016588.1,Gene,red
AC016876.1,AC016876.1,Gene,black
AC020656.1,AC020656.1,Gene,turquoise
AC020659.2,AC020659.2,Gene,pink
AC021078.1,AC021078.1,Gene,grey
AC021739.2,AC021739.2,Gene,purple
AC022150.4,AC022150.4,Gene,greenyellow
AC022400.5,AC022400.5,Gene,grey
AC023157.3,AC023157.3,Gene,black
AC024267.6,AC024267.6,Gene,yellow
AC024592.2,AC024592.2,Gene,turquoise
AC026333.3,AC026333.3,Gene,turquoise
AC026954.3,AC026954.3,Gene,purple
AC027290.1,AC027290.1,Gene,red
AC027290.2,AC027290.2,Gene,greenyellow
AC067930.4,AC067930.4,Gene,red
AC068580.3,AC068580.3,Gene,yellow
AC068831.4,AC068831.4,Gene,turquoise
AC073957.3,AC073957.3,Gene,brown
AC074033.1,AC074033.1,Gene,yellow
AC083798.2,AC083798.2,Gene,yellow
AC083799.1,AC083799.1,Gene,turquoise
AC087190.3,AC087190.3,Gene,turquoise
AC087284.1,AC087284.1,Gene,grey
AC090559.1,AC090559.1,Gene,turquoise
AC090607.4,AC090607.4,Gene,brown
AC090617.3,AC090617.3,Gene,red
AC090971.2,AC090971.2,Gene,brown
AC091117.1,AC091117.1,Gene,yellow
AC092069.1,AC092069.1,Gene,purple
AC092118.1,AC092118.1,Gene,yellow
AC093503.2,AC093503.2,Gene,turquoise
AC099494.2,AC099494.2,Gene,magenta
AC100788.2,AC100788.2,Gene,greenyellow
AC103563.2,AC103563.2,Gene,purple
AC103691.1,AC103691.1,Gene,yellow
AC104794.5,AC104794.5,Gene,green
AC105020.1,AC105020.1,Gene,purple
AC108134.1,AC108134.1,Gene,blue
AC113208.4,AC113208.4,Gene,turquoise
AC127496.6,AC127496.6,Gene,grey
AC132872.3,AC132872.3,Gene,blue
AC133550.2,AC133550.2,Gene,grey
AC135050.6,AC135050.6,Gene,brown
AC139887.2,AC139887.2,Gene,brown
AC245140.2,AC245140.2,Gene,pink
AC254629.1,AC254629.1,Gene,blue
ACAD8,ACAD8,Gene,pink
ACADVL,ACADVL,Gene,red
ACAP2,ACAP2,Gene,magenta
ACBD3,ACBD3,Gene,brown
ACBD6,ACBD6,Gene,yellow
ACOT11,ACOT11,Gene,brown
ACOT4,ACOT4,Gene,green
ACOT9,ACOT9,Gene,turquoise
ACSL3,ACSL3,Gene,turquoise
ACTBP11,ACTBP11,Gene,green
ACTR1A,ACTR1A,Gene,turquoise
ACVR2A,ACVR2A,Gene,grey
ADAM10,ADAM10,Gene,turquoise
ADAM17,ADAM17,Gene,grey
ADAM9,ADAM9,Gene,greenyellow
ADCY7,ADCY7,Gene,turquoise
ADGRE5,ADGRE5,Gene,turquoise
ADGRF1,ADGRF1,Gene,brown
ADIPOR1,ADIPOR1,Gene,turquoise
ADNP,ADNP,Gene,yellow
ADORA2A-AS1,ADORA2A-AS1,Gene,turquoise
ADRM1,ADRM1,Gene,black
AFTPH,AFTPH,Gene,blue
AGAP2,AGAP2,Gene,turquoise
AGAP3,AGAP3,Gene,turquoise
AGO1,AGO1,Gene,tan
AGO2,AGO2,Gene,turquoise
AGO4,AGO4,Gene,turquoise
AGPAT2,AGPAT2,Gene,pink
AGTPBP1,AGTPBP1,Gene,turquoise
AGTRAP,AGTRAP,Gene,turquoise
AHNAK,AHNAK,Gene,greenyellow
AHSA1,AHSA1,Gene,brown
AIF1L,AIF1L,Gene,green
AIFM2,AIFM2,Gene,black
AK1,AK1,Gene,purple
AK3,AK3,Gene,turquoise
AKAP10,AKAP10,Gene,brown
AKAP13,AKAP13,Gene,black
AKIRIN2,AKIRIN2,Gene,black
AL031714.1,AL031714.1,Gene,turquoise
AL033384.1,AL033384.1,Gene,brown
AL035661.1,AL035661.1,Gene,yellow
AL109628.2,AL109628.2,Gene,yellow
AL121761.1,AL121761.1,Gene,green
AL121985.1,AL121985.1,Gene,turquoise
AL132857.1,AL132857.1,Gene,green
AL136982.5,AL136982.5,Gene,green
AL138767.1,AL138767.1,Gene,greenyellow
AL139393.2,AL139393.2,Gene,blue
AL139423.1,AL139423.1,Gene,grey
AL157935.1,AL157935.1,Gene,red
AL162742.1,AL162742.1,Gene,yellow
AL355075.3,AL355075.3,Gene,turquoise
AL356123.2,AL356123.2,Gene,brown
AL356356.1,AL356356.1,Gene,turquoise
AL356867.1,AL356867.1,Gene,brown
AL357153.1,AL357153.1,Gene,grey
AL390719.1,AL390719.1,Gene,magenta
AL391056.2,AL391056.2,Gene,turquoise
AL391863.1,AL391863.1,Gene,greenyellow
AL450467.1,AL450467.1,Gene,grey
AL512791.1,AL512791.1,Gene,black
AL583722.2,AL583722.2,Gene,turquoise
AL590714.1,AL590714.1,Gene,blue
AL592166.1,AL592166.1,Gene,blue
AL732437.1,AL732437.1,Gene,brown
ALDH3A1,ALDH3A1,Gene,pink
ALDH3A2,ALDH3A2,Gene,pink
ALDOA,ALDOA,Gene,blue
ALKBH5,ALKBH5,Gene,yellow
ALOX12,ALOX12,Gene,green
ALOX12-AS1,ALOX12-AS1,Gene,green
AMFR,AMFR,Gene,green
ANAPC16,ANAPC16,Gene,turquoise
ANKRD17,ANKRD17,Gene,pink
ANKRD28,ANKRD28,Gene,brown
ANKRD31,ANKRD31,Gene,yellow
ANKRD37,ANKRD37,Gene,purple
ANKRD44,ANKRD44,Gene,turquoise
ANKRD52,ANKRD52,Gene,greenyellow
ANKZF1,ANKZF1,Gene,grey
ANO10,ANO10,Gene,grey
ANO7L1,ANO7L1,Gene,red
ANO8,ANO8,Gene,yellow
ANP32A,ANP32A,Gene,turquoise
ANXA6,ANXA6,Gene,grey
ANXA9,ANXA9,Gene,grey
AP000919.2,AP000919.2,Gene,greenyellow
AP001107.1,AP001107.1,Gene,yellow
AP001453.1,AP001453.1,Gene,yellow
AP001610.3,AP001610.3,Gene,blue
AP002490.1,AP002490.1,Gene,blue
AP003733.3,AP003733.3,Gene,yellow
AP006621.1,AP006621.1,Gene,purple
AP1G1,AP1G1,Gene,black
AP1G2,AP1G2,Gene,turquoise
AP2B1,AP2B1,Gene,turquoise
AP3D1,AP3D1,Gene,blue
AP3M1,AP3M1,Gene,yellow
AP4M1,AP4M1,Gene,yellow
AP5B1,AP5B1,Gene,turquoise
APBB3,APBB3,Gene,blue
APC,APC,Gene,greenyellow
APLP2,APLP2,Gene,turquoise
APOBEC3A,APOBEC3A,Gene,turquoise
APOBEC3C,APOBEC3C,Gene,brown
APOL1,APOL1,Gene,turquoise
APOL2,APOL2,Gene,turquoise
ARCN1,ARCN1,Gene,brown
AREG,AREG,Gene,black
ARF1,ARF1,Gene,turquoise
ARF5,ARF5,Gene,turquoise
ARF6,ARF6,Gene,grey
ARFGAP1,ARFGAP1,Gene,brown
ARFGAP2,ARFGAP2,Gene,red
ARFGEF1,ARFGEF1,Gene,greenyellow
ARFIP1,ARFIP1,Gene,blue
ARFIP2,ARFIP2,Gene,blue
ARGLU1,ARGLU1,Gene,grey
ARHGAP10,ARHGAP10,Gene,red
ARHGAP17,ARHGAP17,Gene,tan
ARHGAP27P1-BPTFP1-KPNA2P3,ARHGAP27P1-BPTFP1-KPNA2P3,Gene,yellow
ARHGAP35,ARHGAP35,Gene,green
ARHGAP45,ARHGAP45,Gene,turquoise
ARHGAP5,ARHGAP5,Gene,magenta
ARHGDIB,ARHGDIB,Gene,turquoise
ARHGEF1,ARHGEF1,Gene,turquoise
ARHGEF12,ARHGEF12,Gene,grey
ARHGEF19,ARHGEF19,Gene,brown
ARID1B,ARID1B,Gene,grey
ARID4B,ARID4B,Gene,yellow
ARL6IP1,ARL6IP1,Gene,magenta
ARMH3,ARMH3,Gene,grey
ARNT,ARNT,Gene,magenta
ARNTL2,ARNTL2,Gene,red
ARNTL2-AS1,ARNTL2-AS1,Gene,yellow
ARPC2,ARPC2,Gene,turquoise
ARPC4,ARPC4,Gene,turquoise
ARPP19,ARPP19,Gene,turquoise
ARRDC1,ARRDC1,Gene,red
ARRDC3,ARRDC3,Gene,blue
ASB6,ASB6,Gene,turquoise
ASCC2,ASCC2,Gene,pink
ASCC3,ASCC3,Gene,grey
ASCL2,ASCL2,Gene,turquoise
ASH2L,ASH2L,Gene,pink
ASPH,ASPH,Gene,turquoise
ASPRV1,ASPRV1,Gene,grey
ASS1,ASS1,Gene,brown
ASXL2,ASXL2,Gene,yellow
ATAD1,ATAD1,Gene,brown
ATAD3C,ATAD3C,Gene,blue
ATF7,ATF7,Gene,yellow
ATG4A,ATG4A,Gene,brown
ATP13A1,ATP13A1,Gene,grey
ATP13A3,ATP13A3,Gene,turquoise
ATP1B1,ATP1B1,Gene,brown
ATP2A2,ATP2A2,Gene,brown
ATP2C1,ATP2C1,Gene,green
ATP5F1B,ATP5F1B,Gene,blue
ATP5MD,ATP5MD,Gene,tan
ATP5MPL,ATP5MPL,Gene,yellow
ATP5PB,ATP5PB,Gene,black
ATP5PO,ATP5PO,Gene,green
ATP6V0A1,ATP6V0A1,Gene,grey
ATP6V0D1,ATP6V0D1,Gene,grey
ATP6V1C2,ATP6V1C2,Gene,green
ATP6V1D,ATP6V1D,Gene,blue
ATP9A,ATP9A,Gene,black
ATXN1L,ATXN1L,Gene,tan
ATXN7,ATXN7,Gene,yellow
ATXN7L3B,ATXN7L3B,Gene,magenta
AUP1,AUP1,Gene,grey
AURKAIP1,AURKAIP1,Gene,turquoise
AVL9,AVL9,Gene,yellow
AZIN1,AZIN1,Gene,turquoise
B2M,B2M,Gene,turquoise
B3GALT5-AS1,B3GALT5-AS1,Gene,blue
B3GAT2,B3GAT2,Gene,turquoise
B3GNT2,B3GNT2,Gene,blue
B3GNT5,B3GNT5,Gene,turquoise
B3GNT7,B3GNT7,Gene,brown
B4GALNT3,B4GALNT3,Gene,brown
B4GALT4,B4GALT4,Gene,turquoise
B9D2,B9D2,Gene,yellow
BABAM1,BABAM1,Gene,pink
BAD,BAD,Gene,grey
BAG6,BAG6,Gene,grey
BAHD1,BAHD1,Gene,grey
BAIAP3,BAIAP3,Gene,grey
BAP1,BAP1,Gene,turquoise
BARD1,BARD1,Gene,blue
BAZ1A,BAZ1A,Gene,turquoise
BAZ1B,BAZ1B,Gene,blue
BCAP29,BCAP29,Gene,brown
BCAP31,BCAP31,Gene,turquoise
BCAR1,BCAR1,Gene,brown
BCAS1,BCAS1,Gene,brown
BCAS3,BCAS3,Gene,purple
BCAS4,BCAS4,Gene,black
BCCIP,BCCIP,Gene,black
BCL2L1,BCL2L1,Gene,red
BCL2L11,BCL2L11,Gene,blue
BCL2L13,BCL2L13,Gene,turquoise
BCL7B,BCL7B,Gene,blue
BCLAF1,BCLAF1,Gene,tan
BCO2,BCO2,Gene,green
BEAN1,BEAN1,Gene,turquoise
BEST1,BEST1,Gene,turquoise
BET1L,BET1L,Gene,turquoise
BEX4,BEX4,Gene,black
BHLHE40,BHLHE40,Gene,grey
BHLHE40-AS1,BHLHE40-AS1,Gene,brown
BICD2,BICD2,Gene,magenta
BICDL1,BICDL1,Gene,black
BICDL2,BICDL2,Gene,pink
BIN1,BIN1,Gene,brown
BIN3,BIN3,Gene,blue
BLCAP,BLCAP,Gene,blue
BMT2,BMT2,Gene,turquoise
BNIP2,BNIP2,Gene,turquoise
BNIP3,BNIP3,Gene,green
BNIP3L,BNIP3L,Gene,green
BOK,BOK,Gene,red
BORCS6,BORCS6,Gene,grey
BPGM,BPGM,Gene,green
BPTF,BPTF,Gene,blue
BRAF,BRAF,Gene,turquoise
BRD4,BRD4,Gene,tan
BRD7,BRD7,Gene,grey
BRMS1,BRMS1,Gene,turquoise
BTAF1,BTAF1,Gene,blue
BTBD1,BTBD1,Gene,brown
BTBD10,BTBD10,Gene,brown
BTBD6,BTBD6,Gene,grey
BTBD7,BTBD7,Gene,magenta
BTBD9,BTBD9,Gene,blue
BTF3,BTF3,Gene,grey
BTN3A2,BTN3A2,Gene,turquoise
BUD31,BUD31,Gene,turquoise
BX255925.3,BX255925.3,Gene,red
BX322234.1,BX322234.1,Gene,blue
BZW1,BZW1,Gene,yellow
C11orf96,C11orf96,Gene,brown
C15orf39,C15orf39,Gene,turquoise
C16orf72,C16orf72,Gene,grey
C17orf107,C17orf107,Gene,turquoise
C19orf33,C19orf33,Gene,red
C1GALT1C1,C1GALT1C1,Gene,yellow
C1orf122,C1orf122,Gene,blue
C1orf210,C1orf210,Gene,grey
C1orf43,C1orf43,Gene,turquoise
C1orf68,C1orf68,Gene,grey
C2CD2,C2CD2,Gene,purple
C3orf62,C3orf62,Gene,turquoise
C3orf80,C3orf80,Gene,blue
C4orf19,C4orf19,Gene,blue
C4orf3,C4orf3,Gene,green
C5orf56,C5orf56,Gene,turquoise
C5orf66,C5orf66,Gene,turquoise
C6orf120,C6orf120,Gene,turquoise
C6orf132,C6orf132,Gene,red
C6orf136,C6orf136,Gene,brown
C9orf72,C9orf72,Gene,turquoise
C9orf78,C9orf78,Gene,turquoise
CABP7,CABP7,Gene,yellow
CACNB1,CACNB1,Gene,brown
CALB2,CALB2,Gene,green
CALM1,CALM1,Gene,magenta
CALM2,CALM2,Gene,turquoise
CALM3,CALM3,Gene,turquoise
CALML4,CALML4,Gene,yellow
CAMK1D,CAMK1D,Gene,turquoise
CAMKK2,CAMKK2,Gene,turquoise
CAMSAP1,CAMSAP1,Gene,grey
CAMTA2,CAMTA2,Gene,tan
CANX,CANX,Gene,turquoise
CAP1,CAP1,Gene,turquoise
CAPN14,CAPN14,Gene,brown
CAPN15,CAPN15,Gene,purple
CAPN2,CAPN2,Gene,brown
CASP10,CASP10,Gene,brown
CASP14,CASP14,Gene,black
CASP4,CASP4,Gene,turquoise
CASP8,CASP8,Gene,turquoise
CAVIN1,CAVIN1,Gene,grey
CBLB,CBLB,Gene,blue
CBX6,CBX6,Gene,turquoise
CC2D1A,CC2D1A,Gene,pink
CCAR2,CCAR2,Gene,blue
CCDC120,CCDC120,Gene,pink
CCDC47,CCDC47,Gene,blue
CCDC6,CCDC6,Gene,green
CCDC74BP1,CCDC74BP1,Gene,turquoise
CCDC85B,CCDC85B,Gene,grey
CCDC88B,CCDC88B,Gene,turquoise
CCDC9,CCDC9,Gene,turquoise
CCDC90B,CCDC90B,Gene,turquoise
CCDC96,CCDC96,Gene,blue
CCDC97,CCDC97,Gene,turquoise
CCL22,CCL22,Gene,grey
CCL3L1,CCL3L1,Gene,turquoise
CCM2,CCM2,Gene,turquoise
CCN1,CCN1,Gene,brown
CCNC,CCNC,Gene,magenta
CCND1,CCND1,Gene,brown
CCND3,CCND3,Gene,turquoise
CCNDBP1,CCNDBP1,Gene,brown
CCNH,CCNH,Gene,turquoise
CCNI,CCNI,Gene,yellow
CCNJL,CCNJL,Gene,turquoise
CCNT2,CCNT2,Gene,brown
CCPG1,CCPG1,Gene,turquoise
CCRL2,CCRL2,Gene,turquoise
CCT7,CCT7,Gene,blue
CCZ1,CCZ1,Gene,brown
CD151,CD151,Gene,turquoise
CD2AP,CD2AP,Gene,magenta
CD3EAP,CD3EAP,Gene,blue
CD63,CD63,Gene,turquoise
CDC34,CDC34,Gene,red
CDC42EP1,CDC42EP1,Gene,brown
CDC42EP3,CDC42EP3,Gene,turquoise
CDC42EP4,CDC42EP4,Gene,tan
CDC42EP5,CDC42EP5,Gene,brown
CDC42SE2,CDC42SE2,Gene,turquoise
CDH26,CDH26,Gene,turquoise
CDIP1,CDIP1,Gene,black
CDK2,CDK2,Gene,grey
CDK7,CDK7,Gene,red
CDKL5,CDKL5,Gene,greenyellow
CDKN1A,CDKN1A,Gene,turquoise
CDKN2A,CDKN2A,Gene,brown
CDYL,CDYL,Gene,blue
CEACAM5,CEACAM5,Gene,blue
CEACAM6,CEACAM6,Gene,blue
CEBPZOS,CEBPZOS,Gene,turquoise
CELF2,CELF2,Gene,turquoise
CENPP,CENPP,Gene,yellow
CEP350,CEP350,Gene,yellow
CEP85,CEP85,Gene,purple
CERK,CERK,Gene,grey
CERT1,CERT1,Gene,magenta
CFDP1,CFDP1,Gene,blue
CHAF1A,CHAF1A,Gene,pink
CHCHD1,CHCHD1,Gene,yellow
CHCHD10,CHCHD10,Gene,grey
CHD4,CHD4,Gene,brown
CHKA,CHKA,Gene,blue
CHMP1B-AS1,CHMP1B-AS1,Gene,magenta
CHMP4B,CHMP4B,Gene,turquoise
CHMP4C,CHMP4C,Gene,magenta
CHPT1,CHPT1,Gene,grey
CHTOP,CHTOP,Gene,turquoise
CHURC1,CHURC1,Gene,turquoise
CIB1,CIB1,Gene,tan
CINP,CINP,Gene,turquoise
CIRBP,CIRBP,Gene,grey
CLDN1,CLDN1,Gene,brown
CLDN12,CLDN12,Gene,turquoise
CLDN4,CLDN4,Gene,brown
CLEC7A,CLEC7A,Gene,turquoise
CLIC3,CLIC3,Gene,red
CLINT1,CLINT1,Gene,brown
CLN3,CLN3,Gene,turquoise
CLN6,CLN6,Gene,yellow
CLOCK,CLOCK,Gene,brown
CLTA,CLTA,Gene,tan
CLTC,CLTC,Gene,tan
CLU,CLU,Gene,blue
CMIP,CMIP,Gene,green
CMTM6,CMTM6,Gene,turquoise
CNBP,CNBP,Gene,turquoise
CNGA1,CNGA1,Gene,brown
CNKSR1,CNKSR1,Gene,green
CNNM2,CNNM2,Gene,brown
CNNM3,CNNM3,Gene,blue
CNOT4,CNOT4,Gene,blue
CNOT8,CNOT8,Gene,tan
CNOT9,CNOT9,Gene,blue
COL18A1,COL18A1,Gene,turquoise
COL6A1,COL6A1,Gene,green
COMMD5,COMMD5,Gene,turquoise
COP1,COP1,Gene,turquoise
COPA,COPA,Gene,black
COPB1,COPB1,Gene,brown
COPB2,COPB2,Gene,black
COPE,COPE,Gene,turquoise
COPS9,COPS9,Gene,grey
COQ9,COQ9,Gene,brown
CORO1A,CORO1A,Gene,turquoise
COX17,COX17,Gene,turquoise
COX5A,COX5A,Gene,brown
COX6A1,COX6A1,Gene,turquoise
CPEB3,CPEB3,Gene,greenyellow
CPEB4,CPEB4,Gene,brown
CPM,CPM,Gene,grey
CPNE1,CPNE1,Gene,turquoise
CPNE3,CPNE3,Gene,green
CPPED1,CPPED1,Gene,turquoise
CPSF2,CPSF2,Gene,yellow
CPSF7,CPSF7,Gene,blue
CPT1A,CPT1A,Gene,grey
CPTP,CPTP,Gene,red
CR1,CR1,Gene,turquoise
CRCP,CRCP,Gene,grey
CRCT1,CRCT1,Gene,red
CREB1,CREB1,Gene,turquoise
CREBBP,CREBBP,Gene,turquoise
CREBRF,CREBRF,Gene,blue
CREM,CREM,Gene,turquoise
CRIPT,CRIPT,Gene,grey
CRISP3,CRISP3,Gene,green
CRNN,CRNN,Gene,green
CRY1,CRY1,Gene,magenta
CRYAB,CRYAB,Gene,green
CSDE1,CSDE1,Gene,turquoise
CSF1,CSF1,Gene,turquoise
CSF2RB,CSF2RB,Gene,turquoise
CSK,CSK,Gene,pink
CSRNP1,CSRNP1,Gene,grey
CST6,CST6,Gene,red
CSTB,CSTB,Gene,green
CSTF2,CSTF2,Gene,turquoise
CTCF,CTCF,Gene,grey
CTNND1,CTNND1,Gene,brown
CTSD,CTSD,Gene,turquoise
CTSL,CTSL,Gene,turquoise
CTSV,CTSV,Gene,green
CTTNBP2NL,CTTNBP2NL,Gene,green
CUL3,CUL3,Gene,yellow
CXCR3,CXCR3,Gene,green
CXorf38,CXorf38,Gene,blue
CXorf56,CXorf56,Gene,brown
CXXC1,CXXC1,Gene,yellow
CYB5R4,CYB5R4,Gene,turquoise
CYCS,CYCS,Gene,yellow
CYFIP1,CYFIP1,Gene,brown
CYHR1,CYHR1,Gene,grey
CYLD,CYLD,Gene,turquoise
CYP2T1P,CYP2T1P,Gene,red
CYP4F3,CYP4F3,Gene,turquoise
CYTOR,CYTOR,Gene,blue
DAAM1,DAAM1,Gene,greenyellow
DAB2IP,DAB2IP,Gene,blue
DAG1,DAG1,Gene,red
DAP3,DAP3,Gene,black
DAPK2,DAPK2,Gene,turquoise
DAPP1,DAPP1,Gene,brown
DARS,DARS,Gene,turquoise
DAXX,DAXX,Gene,turquoise
DBNL,DBNL,Gene,pink
DCAF10,DCAF10,Gene,grey
DCAF12,DCAF12,Gene,black
DCAF8,DCAF8,Gene,grey
DCTN1,DCTN1,Gene,pink
DCTN4,DCTN4,Gene,tan
DCTN6,DCTN6,Gene,brown
DCUN1D1,DCUN1D1,Gene,turquoise
DCUN1D3,DCUN1D3,Gene,turquoise
DDA1,DDA1,Gene,black
DDAH2,DDAH2,Gene,grey
DDOST,DDOST,Gene,brown
DDTL,DDTL,Gene,green
DDX17,DDX17,Gene,turquoise
DDX19B,DDX19B,Gene,blue
DDX23,DDX23,Gene,turquoise
DDX5,DDX5,Gene,turquoise
DDX52,DDX52,Gene,yellow
DDX60L,DDX60L,Gene,turquoise
DECR1,DECR1,Gene,turquoise
DEFB4A,DEFB4A,Gene,black
DEK,DEK,Gene,blue
DENND1C,DENND1C,Gene,turquoise
DENND2C,DENND2C,Gene,brown
DENND2D,DENND2D,Gene,yellow
DENND3,DENND3,Gene,turquoise
DENND5A,DENND5A,Gene,turquoise
DERA,DERA,Gene,brown
DGAT1,DGAT1,Gene,pink
DGAT2,DGAT2,Gene,grey
DGCR2,DGCR2,Gene,tan
DGKZ,DGKZ,Gene,turquoise
DGLUCY,DGLUCY,Gene,turquoise
DHRS1,DHRS1,Gene,grey
DHRS11,DHRS11,Gene,green
DHRS13,DHRS13,Gene,yellow
DHX15,DHX15,Gene,blue
DHX35,DHX35,Gene,brown
DHX40,DHX40,Gene,black
DIP2A,DIP2A,Gene,blue
DIPK2A,DIPK2A,Gene,grey
DLG3,DLG3,Gene,blue
DLGAP1-AS1,DLGAP1-AS1,Gene,turquoise
DMPK,DMPK,Gene,green
DMTN,DMTN,Gene,blue
DMWD,DMWD,Gene,red
DNAH17,DNAH17,Gene,turquoise
DNAJA2,DNAJA2,Gene,blue
DNAJA4,DNAJA4,Gene,brown
DNAJB1,DNAJB1,Gene,pink
DNAJB12,DNAJB12,Gene,turquoise
DNAJB6,DNAJB6,Gene,black
DNAJB9,DNAJB9,Gene,yellow
DNAJC14,DNAJC14,Gene,turquoise
DNASE1L1,DNASE1L1,Gene,turquoise
DOCK2,DOCK2,Gene,turquoise
DOCK5,DOCK5,Gene,turquoise
DOCK6,DOCK6,Gene,pink
DOCK8,DOCK8,Gene,turquoise
DOCK9,DOCK9,Gene,greenyellow
DOK4,DOK4,Gene,tan
DPM2,DPM2,Gene,green
DPY30,DPY30,Gene,brown
DPYD,DPYD,Gene,turquoise
DRAP1,DRAP1,Gene,turquoise
DSC2,DSC2,Gene,turquoise
DSG3,DSG3,Gene,blue
DSP,DSP,Gene,green
DTX2,DTX2,Gene,red
DUOX2,DUOX2,Gene,brown
DUOXA1,DUOXA1,Gene,red
DUOXA2,DUOXA2,Gene,red
DUS1L,DUS1L,Gene,yellow
DUSP18,DUSP18,Gene,turquoise
DUSP2,DUSP2,Gene,turquoise
DUSP22,DUSP22,Gene,blue
DUSP8,DUSP8,Gene,brown
DVL2,DVL2,Gene,green
DVL3,DVL3,Gene,tan
DYNC1I2,DYNC1I2,Gene,black
DYNC1LI2,DYNC1LI2,Gene,blue
DYNLL1,DYNLL1,Gene,grey
ECHDC2,ECHDC2,Gene,green
ECI1,ECI1,Gene,black
ECPAS,ECPAS,Gene,yellow
EDC3,EDC3,Gene,blue
EDN2,EDN2,Gene,red
EEF1A2,EEF1A2,Gene,purple
EEPD1,EEPD1,Gene,green
EFNA5,EFNA5,Gene,green
EFNB1,EFNB1,Gene,grey
EFNB2,EFNB2,Gene,greenyellow
EGR3,EGR3,Gene,turquoise
EHD1,EHD1,Gene,grey
EHD3,EHD3,Gene,brown
EHMT2,EHMT2,Gene,blue
EI24,EI24,Gene,grey
EIF1AD,EIF1AD,Gene,grey
EIF2AK1,EIF2AK1,Gene,tan
EIF2S3,EIF2S3,Gene,turquoise
EIF3H,EIF3H,Gene,black
EIF3J,EIF3J,Gene,turquoise
EIF4B,EIF4B,Gene,green
EIF4EBP1,EIF4EBP1,Gene,purple
EIF4EBP2,EIF4EBP2,Gene,purple
EIF4G2,EIF4G2,Gene,brown
EIF4H,EIF4H,Gene,brown
EIF5,EIF5,Gene,turquoise
EIF5B,EIF5B,Gene,yellow
ELF1,ELF1,Gene,turquoise
ELL2,ELL2,Gene,turquoise
ELMSAN1,ELMSAN1,Gene,yellow
ELOF1,ELOF1,Gene,pink
ELP5,ELP5,Gene,blue
EMC10,EMC10,Gene,tan
EMC2,EMC2,Gene,grey
EMC7,EMC7,Gene,turquoise
EME2,EME2,Gene,red
EMP1,EMP1,Gene,greenyellow
ENC1,ENC1,Gene,turquoise
ENPP4,ENPP4,Gene,blue
EP300,EP300,Gene,grey
EP400,EP400,Gene,yellow
EPB41L3,EPB41L3,Gene,yellow
EPC1,EPC1,Gene,yellow
EPHB3,EPHB3,Gene,pink
EPN1,EPN1,Gene,red
ERAP1,ERAP1,Gene,blue
ERBB2,ERBB2,Gene,brown
ERCC1,ERCC1,Gene,black
ERCC2,ERCC2,Gene,red
ERMP1,ERMP1,Gene,green
ERN1,ERN1,Gene,black
ERP29,ERP29,Gene,turquoise
ERV3-1,ERV3-1,Gene,brown
ESR1,ESR1,Gene,green
ESYT3,ESYT3,Gene,yellow
ETFDH,ETFDH,Gene,yellow
ETNK1,ETNK1,Gene,magenta
ETS1,ETS1,Gene,tan
ETV3,ETV3,Gene,brown
ETV6,ETV6,Gene,turquoise
EVA1B,EVA1B,Gene,grey
EVC,EVC,Gene,brown
EVI2A,EVI2A,Gene,turquoise
EVI5L,EVI5L,Gene,brown
EVPL,EVPL,Gene,green
EXOC1,EXOC1,Gene,brown
FABP3,FABP3,Gene,tan
FAM107B,FAM107B,Gene,brown
FAM110C,FAM110C,Gene,purple
FAM122B,FAM122B,Gene,green
FAM122C,FAM122C,Gene,turquoise
FAM131A,FAM131A,Gene,turquoise
FAM136A,FAM136A,Gene,brown
FAM13A,FAM13A,Gene,blue
FAM180A,FAM180A,Gene,green
FAM193A,FAM193A,Gene,blue
FAM219B,FAM219B,Gene,pink
FAM25A,FAM25A,Gene,green
FAM32A,FAM32A,Gene,turquoise
FAM3D,FAM3D,Gene,pink
FAM3D-AS1,FAM3D-AS1,Gene,pink
FAM49A,FAM49A,Gene,turquoise
FAM49B,FAM49B,Gene,turquoise
FAM50A,FAM50A,Gene,turquoise
FAM83A,FAM83A,Gene,red
FAM83D,FAM83D,Gene,magenta
FAM89B,FAM89B,Gene,grey
FAM8A1,FAM8A1,Gene,turquoise
FAM91A1,FAM91A1,Gene,turquoise
FAM98C,FAM98C,Gene,blue
FASTK,FASTK,Gene,brown
FBLN2,FBLN2,Gene,green
FBP1,FBP1,Gene,red
FBRS,FBRS,Gene,turquoise
FBXL20,FBXL20,Gene,turquoise
FBXO11,FBXO11,Gene,turquoise
FBXO22,FBXO22,Gene,purple
FBXO28,FBXO28,Gene,yellow
FBXO31,FBXO31,Gene,yellow
FBXO32,FBXO32,Gene,purple
FBXO33,FBXO33,Gene,magenta
FBXW4,FBXW4,Gene,pink
FBXW5,FBXW5,Gene,red
FCGR1A,FCGR1A,Gene,turquoise
FDFT1,FDFT1,Gene,brown
FEM1A,FEM1A,Gene,turquoise
FGD3,FGD3,Gene,turquoise
FGD5-AS1,FGD5-AS1,Gene,pink
FGFR1OP2,FGFR1OP2,Gene,blue
FHL2,FHL2,Gene,grey
FIS1,FIS1,Gene,grey
FKBP1A,FKBP1A,Gene,turquoise
FKBP4,FKBP4,Gene,brown
FLCN,FLCN,Gene,turquoise
FLG,FLG,Gene,green
FLG-AS1,FLG-AS1,Gene,greenyellow
FLG2,FLG2,Gene,grey
FLOT2,FLOT2,Gene,turquoise
FLVCR2,FLVCR2,Gene,green
FNDC4,FNDC4,Gene,red
FOXJ2,FOXJ2,Gene,tan
FOXO4,FOXO4,Gene,black
FRAT2,FRAT2,Gene,turquoise
FRG1,FRG1,Gene,brown
FTH1,FTH1,Gene,turquoise
FTH1P10,FTH1P10,Gene,grey
FTSJ1,FTSJ1,Gene,black
FURIN,FURIN,Gene,pink
FUS,FUS,Gene,turquoise
FUT3,FUT3,Gene,brown
FUZ,FUZ,Gene,grey
FXYD5,FXYD5,Gene,turquoise
FZD10-AS1,FZD10-AS1,Gene,purple
G3BP2,G3BP2,Gene,blue
G6PD,G6PD,Gene,turquoise
GAB2,GAB2,Gene,turquoise
GABARAPL1,GABARAPL1,Gene,turquoise
GALM,GALM,Gene,turquoise
GALNT2,GALNT2,Gene,purple
GALNT5,GALNT5,Gene,blue
GANC,GANC,Gene,purple
GAREM1,GAREM1,Gene,grey
GATAD2A,GATAD2A,Gene,turquoise
GBA,GBA,Gene,greenyellow
GBP5,GBP5,Gene,turquoise
GCAT,GCAT,Gene,red
GCH1,GCH1,Gene,turquoise
GCOM1,GCOM1,Gene,greenyellow
GDE1,GDE1,Gene,blue
GET3,GET3,Gene,turquoise
GFER,GFER,Gene,pink
GFPT1,GFPT1,Gene,yellow
GGCX,GGCX,Gene,yellow
GGT6,GGT6,Gene,purple
GHITM,GHITM,Gene,turquoise
GID4,GID4,Gene,greenyellow
GIPC1,GIPC1,Gene,red
GJB6,GJB6,Gene,purple
GK,GK,Gene,turquoise
GMDS,GMDS,Gene,green
GNAI3,GNAI3,Gene,turquoise
GNB2,GNB2,Gene,turquoise
GNL1,GNL1,Gene,turquoise
GNL3,GNL3,Gene,pink
GNLY,GNLY,Gene,turquoise
GNS,GNS,Gene,turquoise
GOLGA4,GOLGA4,Gene,blue
GOLGA5,GOLGA5,Gene,blue
GOLM1,GOLM1,Gene,blue
GPAT4,GPAT4,Gene,turquoise
GPBP1,GPBP1,Gene,brown
GPC1,GPC1,Gene,pink
GPCPD1,GPCPD1,Gene,brown
GPN1,GPN1,Gene,green
GPR107,GPR107,Gene,turquoise
GPR137,GPR137,Gene,yellow
GPR157,GPR157,Gene,purple
GPR65,GPR65,Gene,turquoise
GPRC5A,GPRC5A,Gene,brown
GPS1,GPS1,Gene,turquoise
GPX1,GPX1,Gene,grey
GPX2,GPX2,Gene,black
GRB7,GRB7,Gene,red
GRHL1,GRHL1,Gene,yellow
GRHPR,GRHPR,Gene,yellow
GRK2,GRK2,Gene,turquoise
GRK6,GRK6,Gene,turquoise
GSK3B,GSK3B,Gene,black
GSN,GSN,Gene,pink
GSPT1,GSPT1,Gene,yellow
GSTK1,GSTK1,Gene,turquoise
GSTZ1,GSTZ1,Gene,black
GTF2A1,GTF2A1,Gene,turquoise
GTF2F1,GTF2F1,Gene,pink
GTF3C2,GTF3C2,Gene,brown
GTPBP1,GTPBP1,Gene,pink
GTPBP2,GTPBP2,Gene,brown
GTPBP4,GTPBP4,Gene,yellow
GUCA2B,GUCA2B,Gene,purple
GUCD1,GUCD1,Gene,black
GULP1,GULP1,Gene,brown
GXYLT1,GXYLT1,Gene,grey
GZF1,GZF1,Gene,turquoise
H1FX,H1FX,Gene,grey
H2AFZ,H2AFZ,Gene,yellow
H3F3A,H3F3A,Gene,turquoise
H6PD,H6PD,Gene,pink
HADHB,HADHB,Gene,green
HARS,HARS,Gene,grey
HAX1,HAX1,Gene,turquoise
HDAC1,HDAC1,Gene,blue
HDAC11,HDAC11,Gene,grey
HDAC3,HDAC3,Gene,turquoise
HDAC6,HDAC6,Gene,purple
HEATR5A,HEATR5A,Gene,blue
HEBP1,HEBP1,Gene,yellow
HEBP2,HEBP2,Gene,blue
HECTD3,HECTD3,Gene,blue
HEIH,HEIH,Gene,purple
HEPHL1,HEPHL1,Gene,brown
HERC4,HERC4,Gene,black
HERPUD1,HERPUD1,Gene,turquoise
HES4,HES4,Gene,grey
HEXB,HEXB,Gene,turquoise
HIBADH,HIBADH,Gene,tan
HILPDA,HILPDA,Gene,red
HINT1,HINT1,Gene,tan
HINT3,HINT3,Gene,brown
HIPK1,HIPK1,Gene,brown
HIPK3,HIPK3,Gene,turquoise
HIST1H2BC,HIST1H2BC,Gene,tan
HIST1H2BD,HIST1H2BD,Gene,blue
HIST1H4E,HIST1H4E,Gene,blue
HIVEP2,HIVEP2,Gene,black
HK1,HK1,Gene,red
HLA-DQA1,HLA-DQA1,Gene,turquoise
HLA-E,HLA-E,Gene,turquoise
HLA-J,HLA-J,Gene,turquoise
HM13,HM13,Gene,turquoise
HMG20B,HMG20B,Gene,black
HMGB1,HMGB1,Gene,blue
HMGN2,HMGN2,Gene,turquoise
HMOX1,HMOX1,Gene,red
HNRNPA0,HNRNPA0,Gene,yellow
HNRNPA2B1,HNRNPA2B1,Gene,turquoise
HNRNPC,HNRNPC,Gene,turquoise
HNRNPF,HNRNPF,Gene,turquoise
HOPX,HOPX,Gene,magenta
HP1BP3,HP1BP3,Gene,yellow
HRH1,HRH1,Gene,blue
HS3ST1,HS3ST1,Gene,brown
HSD17B4,HSD17B4,Gene,brown
HSPA14,HSPA14,Gene,brown
HSPA4,HSPA4,Gene,blue
HSPA5,HSPA5,Gene,purple
HSPA8,HSPA8,Gene,brown
HSPD1,HSPD1,Gene,blue
HSPH1,HSPH1,Gene,turquoise
HTT,HTT,Gene,yellow
HUWE1,HUWE1,Gene,black
HYOU1,HYOU1,Gene,purple
IAH1,IAH1,Gene,turquoise
ICA1,ICA1,Gene,brown
IDE,IDE,Gene,black
IDH1,IDH1,Gene,magenta
IDH3A,IDH3A,Gene,brown
IDH3B,IDH3B,Gene,grey
IDI1,IDI1,Gene,magenta
IER2,IER2,Gene,turquoise
IER3-AS1,IER3-AS1,Gene,green
IER5,IER5,Gene,brown
IFI35,IFI35,Gene,pink
IFI44L,IFI44L,Gene,yellow
IFIT5,IFIT5,Gene,turquoise
IFNAR1,IFNAR1,Gene,turquoise
IGFBP3,IGFBP3,Gene,turquoise
IGHMBP2,IGHMBP2,Gene,blue
IKZF2,IKZF2,Gene,brown
IL12A,IL12A,Gene,yellow
IL12A-AS1,IL12A-AS1,Gene,grey
IL13RA1,IL13RA1,Gene,turquoise
IL16,IL16,Gene,grey
IL17RC,IL17RC,Gene,grey
IL18BP,IL18BP,Gene,pink
IL19,IL19,Gene,brown
IL1R1,IL1R1,Gene,turquoise
IL1RAP,IL1RAP,Gene,turquoise
IL20RB,IL20RB,Gene,black
IL36G,IL36G,Gene,brown
IL36RN,IL36RN,Gene,grey
IMPDH1,IMPDH1,Gene,turquoise
IMPDH1P10,IMPDH1P10,Gene,brown
INAVA,INAVA,Gene,pink
INF2,INF2,Gene,grey
ING4,ING4,Gene,tan
INO80,INO80,Gene,tan
INO80D,INO80D,Gene,magenta
INPP4B,INPP4B,Gene,brown
INTS1,INTS1,Gene,grey
INTS11,INTS11,Gene,grey
INTS3,INTS3,Gene,blue
INTS6,INTS6,Gene,yellow
IP6K2,IP6K2,Gene,blue
IPO8,IPO8,Gene,yellow
IPPK,IPPK,Gene,yellow
IQANK1,IQANK1,Gene,yellow
IQGAP1,IQGAP1,Gene,turquoise
IRAK4,IRAK4,Gene,blue
IREB2,IREB2,Gene,turquoise
IRF1,IRF1,Gene,turquoise
IRF6,IRF6,Gene,grey
ITGB1,ITGB1,Gene,brown
ITM2B,ITM2B,Gene,turquoise
ITPKB,ITPKB,Gene,turquoise
ITPKC,ITPKC,Gene,pink
ITPRIP,ITPRIP,Gene,turquoise
IWS1,IWS1,Gene,brown
JAK1,JAK1,Gene,turquoise
JAK3,JAK3,Gene,turquoise
JMJD1C,JMJD1C,Gene,blue
JMJD8,JMJD8,Gene,black
JMY,JMY,Gene,green
JOSD1,JOSD1,Gene,turquoise
JRK,JRK,Gene,black
JUNB,JUNB,Gene,red
KANSL1,KANSL1,Gene,yellow
KARS,KARS,Gene,blue
KAT8,KAT8,Gene,turquoise
KBTBD2,KBTBD2,Gene,grey
KCTD2,KCTD2,Gene,turquoise
KCTD21,KCTD21,Gene,blue
KCTD9,KCTD9,Gene,magenta
KDELR2,KDELR2,Gene,turquoise
KDM2A,KDM2A,Gene,grey
KDM2B,KDM2B,Gene,turquoise
KDM3B,KDM3B,Gene,black
KDM4B,KDM4B,Gene,red
KDM5A,KDM5A,Gene,blue
KDM7A,KDM7A,Gene,blue
KDM7A-DT,KDM7A-DT,Gene,brown
KDSR,KDSR,Gene,brown
KHDC4,KHDC4,Gene,blue
KIF1C,KIF1C,Gene,black
KIF21A,KIF21A,Gene,green
KLC1,KLC1,Gene,pink
KLC3,KLC3,Gene,red
KLF7,KLF7,Gene,yellow
KLF8,KLF8,Gene,pink
KLHL12,KLHL12,Gene,yellow
KLHL18,KLHL18,Gene,turquoise
KLK14,KLK14,Gene,green
KLK5,KLK5,Gene,red
KLK6,KLK6,Gene,grey
KMT2C,KMT2C,Gene,tan
KMT2D,KMT2D,Gene,blue
KPNA4,KPNA4,Gene,grey
KPNB1,KPNB1,Gene,turquoise
KRT10,KRT10,Gene,grey
KRT14,KRT14,Gene,yellow
KRT31,KRT31,Gene,purple
KSR1,KSR1,Gene,turquoise
KTN1,KTN1,Gene,blue
KXD1,KXD1,Gene,turquoise
LAMC1,LAMC1,Gene,blue
LAMP1,LAMP1,Gene,grey
LAMTOR2,LAMTOR2,Gene,turquoise
LARP1,LARP1,Gene,green
LAYN,LAYN,Gene,grey
LCE1A,LCE1A,Gene,green
LCE2C,LCE2C,Gene,green
LCE5A,LCE5A,Gene,green
LCE6A,LCE6A,Gene,grey
LCMT1,LCMT1,Gene,blue
LDB1,LDB1,Gene,turquoise
LEPROT,LEPROT,Gene,brown
LGALS1,LGALS1,Gene,turquoise
LGI3,LGI3,Gene,red
LGMN,LGMN,Gene,red
LHPP,LHPP,Gene,yellow
LIG3,LIG3,Gene,turquoise
LINC00342,LINC00342,Gene,brown
LINC00589,LINC00589,Gene,yellow
LINC00921,LINC00921,Gene,grey
LINC00958,LINC00958,Gene,yellow
LINC00963,LINC00963,Gene,turquoise
LINC01214,LINC01214,Gene,green
LINC01527,LINC01527,Gene,grey
LINC01943,LINC01943,Gene,blue
LINC01983,LINC01983,Gene,blue
LINC02028,LINC02028,Gene,brown
LINC02035,LINC02035,Gene,green
LINC02130,LINC02130,Gene,green
LINC02303,LINC02303,Gene,grey
LINC02487,LINC02487,Gene,pink
LINC02560,LINC02560,Gene,green
LMAN1,LMAN1,Gene,brown
LMBRD1,LMBRD1,Gene,turquoise
LMO7,LMO7,Gene,brown
LMTK2,LMTK2,Gene,brown
LNX2,LNX2,Gene,magenta
LONP2,LONP2,Gene,brown
LRG1,LRG1,Gene,pink
LRRC41,LRRC41,Gene,yellow
LSM3,LSM3,Gene,turquoise
LSM4,LSM4,Gene,brown
LTB4R,LTB4R,Gene,turquoise
LTBP3,LTBP3,Gene,red
LTBP4,LTBP4,Gene,grey
LUC7L3,LUC7L3,Gene,yellow
LUZP1,LUZP1,Gene,purple
LY6E,LY6E,Gene,red
LY6G6C,LY6G6C,Gene,green
LY6K,LY6K,Gene,red
LYN,LYN,Gene,turquoise
LYPD2,LYPD2,Gene,grey
LYPD5,LYPD5,Gene,pink
LYRM1,LYRM1,Gene,turquoise
LYZ,LYZ,Gene,turquoise
MAFF,MAFF,Gene,brown
MAFK,MAFK,Gene,grey
MAL2,MAL2,Gene,black
MALAT1,MALAT1,Gene,greenyellow
MALL,MALL,Gene,black
MALT1,MALT1,Gene,blue
MAN2A2,MAN2A2,Gene,turquoise
MANF,MANF,Gene,purple
MANSC1,MANSC1,Gene,tan
MAP1S,MAP1S,Gene,red
MAP2K2,MAP2K2,Gene,red
MAP2K3,MAP2K3,Gene,red
MAP2K4,MAP2K4,Gene,yellow
MAP3K11,MAP3K11,Gene,turquoise
MAP3K9,MAP3K9,Gene,green
MAP4K4,MAP4K4,Gene,turquoise
MAPK1IP1L,MAPK1IP1L,Gene,magenta
MAPKAP1,MAPKAP1,Gene,black
MAPKAPK2,MAPKAPK2,Gene,turquoise
MAPRE2,MAPRE2,Gene,pink
MARCH6,MARCH6,Gene,black
MARCH7,MARCH7,Gene,yellow
MARF1,MARF1,Gene,blue
MAST3,MAST3,Gene,turquoise
MAT2A,MAT2A,Gene,green
MAT2B,MAT2B,Gene,turquoise
MATR3,MATR3,Gene,blue
MBD3,MBD3,Gene,brown
MBOAT2,MBOAT2,Gene,turquoise
MBP,MBP,Gene,magenta
MCC,MCC,Gene,yellow
MCEMP1,MCEMP1,Gene,turquoise
MCFD2,MCFD2,Gene,greenyellow
MCL1,MCL1,Gene,turquoise
MCM7,MCM7,Gene,yellow
MCUR1,MCUR1,Gene,green
ME2,ME2,Gene,turquoise
MEAK7,MEAK7,Gene,yellow
MED13,MED13,Gene,black
MED13L,MED13L,Gene,black
MED15,MED15,Gene,yellow
MED16,MED16,Gene,red
MED18,MED18,Gene,green
MED20,MED20,Gene,brown
MED25,MED25,Gene,grey
MEGF8,MEGF8,Gene,grey
METRNL,METRNL,Gene,red
METTL3,METTL3,Gene,magenta
METTL7A,METTL7A,Gene,blue
MEX3C,MEX3C,Gene,grey
MFAP1,MFAP1,Gene,blue
MFN2,MFN2,Gene,yellow
MFSD10,MFSD10,Gene,purple
MFSD4A,MFSD4A,Gene,blue
MFSD5,MFSD5,Gene,red
MGAT1,MGAT1,Gene,red
MGAT4B,MGAT4B,Gene,pink
MGRN1,MGRN1,Gene,turquoise
MICAL2,MICAL2,Gene,turquoise
MIEF2,MIEF2,Gene,red
MIER1,MIER1,Gene,turquoise
MIF,MIF,Gene,turquoise
MIF-AS1,MIF-AS1,Gene,grey
MINDY2,MINDY2,Gene,yellow
MIR1282,MIR1282,Gene,turquoise
MIR210HG,MIR210HG,Gene,pink
MIR29B2CHG,MIR29B2CHG,Gene,tan
MISP,MISP,Gene,blue
MKRN1,MKRN1,Gene,turquoise
MLC1,MLC1,Gene,green
MLEC,MLEC,Gene,turquoise
MLF2,MLF2,Gene,turquoise
MLKL,MLKL,Gene,turquoise
MLLT1,MLLT1,Gene,black
MLLT6,MLLT6,Gene,grey
MLPH,MLPH,Gene,brown
MLXIP,MLXIP,Gene,grey
MMEL1,MMEL1,Gene,red
MMP14,MMP14,Gene,blue
MMP24,MMP24,Gene,red
MMP25,MMP25,Gene,turquoise
MNDA,MNDA,Gene,turquoise
MOAP1,MOAP1,Gene,yellow
MOB2,MOB2,Gene,red
MON1B,MON1B,Gene,blue
MPC1,MPC1,Gene,yellow
MPDU1,MPDU1,Gene,black
MPI,MPI,Gene,pink
MPP7,MPP7,Gene,magenta
MPPE1,MPPE1,Gene,turquoise
MPRIP,MPRIP,Gene,red
MPZL1,MPZL1,Gene,turquoise
MPZL2,MPZL2,Gene,brown
MREG,MREG,Gene,green
MRNIP,MRNIP,Gene,grey
MRPL10,MRPL10,Gene,brown
MRPL15,MRPL15,Gene,grey
MRPL34,MRPL34,Gene,blue
MRPL49,MRPL49,Gene,black
MRPL51,MRPL51,Gene,turquoise
MRPL54,MRPL54,Gene,grey
MRPS10,MRPS10,Gene,magenta
MRTFA,MRTFA,Gene,turquoise
MSH6,MSH6,Gene,turquoise
MSL1,MSL1,Gene,turquoise
MSL2,MSL2,Gene,yellow
MSL3,MSL3,Gene,turquoise
MT-ATP8,MT-ATP8,Gene,turquoise
MT1M,MT1M,Gene,purple
MTA3,MTA3,Gene,black
MTCH1,MTCH1,Gene,yellow
MTCO1P12,MTCO1P12,Gene,grey
MTCO2P12,MTCO2P12,Gene,grey
MTMR1,MTMR1,Gene,green
MTND4P12,MTND4P12,Gene,grey
MTOR,MTOR,Gene,blue
MTRNR2L1,MTRNR2L1,Gene,brown
MTRNR2L12,MTRNR2L12,Gene,brown
MUC1,MUC1,Gene,pink
MUC21,MUC21,Gene,green
MUC22,MUC22,Gene,grey
MVD,MVD,Gene,turquoise
MVK,MVK,Gene,purple
MXD3,MXD3,Gene,turquoise
MXD4,MXD4,Gene,grey
MYADM,MYADM,Gene,turquoise
MYBBP1A,MYBBP1A,Gene,red
MYD88,MYD88,Gene,turquoise
MYL12A,MYL12A,Gene,turquoise
MYL5,MYL5,Gene,pink
MYL6,MYL6,Gene,turquoise
MYO15B,MYO15B,Gene,blue
MYO5B,MYO5B,Gene,brown
MYOM1,MYOM1,Gene,green
MYORG,MYORG,Gene,brown
MYOZ1,MYOZ1,Gene,black
MZT2B,MZT2B,Gene,grey
NAA40,NAA40,Gene,brown
NAA50,NAA50,Gene,magenta
NAA60,NAA60,Gene,pink
NAB1,NAB1,Gene,turquoise
NACA,NACA,Gene,grey
NAGA,NAGA,Gene,turquoise
NAGK,NAGK,Gene,turquoise
NAIF1,NAIF1,Gene,purple
NAMPTP1,NAMPTP1,Gene,turquoise
NAPRT,NAPRT,Gene,red
NARS,NARS,Gene,tan
NBDY,NBDY,Gene,grey
NBL1,NBL1,Gene,pink
NCAPH2,NCAPH2,Gene,tan
NCF1,NCF1,Gene,turquoise
NCK2,NCK2,Gene,grey
NCLN,NCLN,Gene,turquoise
NCOA1,NCOA1,Gene,turquoise
NCSTN,NCSTN,Gene,turquoise
NDEL1,NDEL1,Gene,brown
NDFIP1,NDFIP1,Gene,blue
NDRG1,NDRG1,Gene,grey
NDRG3,NDRG3,Gene,blue
NDRG4,NDRG4,Gene,green
NDUFA10,NDUFA10,Gene,blue
NDUFA13,NDUFA13,Gene,red
NDUFA4,NDUFA4,Gene,yellow
NDUFA4L2,NDUFA4L2,Gene,red
NDUFAF3,NDUFAF3,Gene,purple
NDUFB2,NDUFB2,Gene,yellow
NDUFB3,NDUFB3,Gene,blue
NDUFB4,NDUFB4,Gene,blue
NDUFS3,NDUFS3,Gene,yellow
NDUFS5,NDUFS5,Gene,brown
NEAT1,NEAT1,Gene,greenyellow
NEBL,NEBL,Gene,magenta
NECTIN1,NECTIN1,Gene,pink
NELFE,NELFE,Gene,turquoise
NEMF,NEMF,Gene,yellow
NEU1,NEU1,Gene,turquoise
NFAT5,NFAT5,Gene,blue
NFATC1,NFATC1,Gene,yellow
NFE2,NFE2,Gene,turquoise
NFE2L1,NFE2L1,Gene,yellow
NFIA,NFIA,Gene,yellow
NFKB1,NFKB1,Gene,turquoise
NFKBIB,NFKBIB,Gene,black
NFKBIL1,NFKBIL1,Gene,brown
NFKBIZ,NFKBIZ,Gene,turquoise
NFX1,NFX1,Gene,magenta
NISCH,NISCH,Gene,brown
NLRC5,NLRC5,Gene,turquoise
NMI,NMI,Gene,turquoise
NMRK1,NMRK1,Gene,grey
NMU,NMU,Gene,green
NOP10,NOP10,Gene,turquoise
NOP14-AS1,NOP14-AS1,Gene,black
NORAD,NORAD,Gene,blue
NOS3,NOS3,Gene,green
NOSIP,NOSIP,Gene,black
NPM1,NPM1,Gene,yellow
NPR2,NPR2,Gene,green
NPW,NPW,Gene,red
NQO1,NQO1,Gene,turquoise
NQO2,NQO2,Gene,turquoise
NR2F2,NR2F2,Gene,yellow
NR6A1,NR6A1,Gene,grey
NRBF2,NRBF2,Gene,turquoise
NRIP3,NRIP3,Gene,turquoise
NSA2,NSA2,Gene,yellow
NSD1,NSD1,Gene,purple
NSF,NSF,Gene,brown
NSMF,NSMF,Gene,green
NSRP1,NSRP1,Gene,yellow
NTN4,NTN4,Gene,brown
NUAK2,NUAK2,Gene,turquoise
NUBP2,NUBP2,Gene,grey
NUCB2,NUCB2,Gene,yellow
NUDT2,NUDT2,Gene,grey
NUDT21,NUDT21,Gene,yellow
NUDT4,NUDT4,Gene,brown
NUDT5,NUDT5,Gene,turquoise
NUFIP2,NUFIP2,Gene,brown
NUMB,NUMB,Gene,turquoise
NUP50,NUP50,Gene,blue
NUP58,NUP58,Gene,yellow
NUTM2B-AS1,NUTM2B-AS1,Gene,turquoise
OAS1,OAS1,Gene,brown
OAZ1,OAZ1,Gene,grey
ODC1,ODC1,Gene,purple
OFD1,OFD1,Gene,blue
OGA,OGA,Gene,yellow
OGT,OGT,Gene,blue
OPTN,OPTN,Gene,black
ORAI2,ORAI2,Gene,turquoise
ORMDL2,ORMDL2,Gene,turquoise
OSBPL1A,OSBPL1A,Gene,green
OSBPL8,OSBPL8,Gene,turquoise
OSBPL9,OSBPL9,Gene,turquoise
OSER1-DT,OSER1-DT,Gene,yellow
OSMR,OSMR,Gene,brown
OST4,OST4,Gene,turquoise
OSTF1,OSTF1,Gene,turquoise
OTULIN,OTULIN,Gene,yellow
OXSR1,OXSR1,Gene,magenta
P4HA1,P4HA1,Gene,tan
PA2G4,PA2G4,Gene,turquoise
PABPC1,PABPC1,Gene,black
PABPN1,PABPN1,Gene,yellow
PADI1,PADI1,Gene,brown
PADI3,PADI3,Gene,blue
PAFAH1B1,PAFAH1B1,Gene,black
PAG1,PAG1,Gene,turquoise
PAIP2,PAIP2,Gene,turquoise
PAK2,PAK2,Gene,turquoise
PALM2-AKAP2,PALM2-AKAP2,Gene,turquoise
PAN3,PAN3,Gene,yellow
PANX2,PANX2,Gene,turquoise
PAPOLA,PAPOLA,Gene,brown
PAQR4,PAQR4,Gene,pink
PAQR7,PAQR7,Gene,purple
PARP4,PARP4,Gene,grey
PATJ,PATJ,Gene,yellow
PAWR,PAWR,Gene,brown
PAX8,PAX8,Gene,green
PBX2,PBX2,Gene,turquoise
PCAT6,PCAT6,Gene,green
PCBD1,PCBD1,Gene,yellow
PCM1,PCM1,Gene,turquoise
PCMTD1,PCMTD1,Gene,turquoise
PCNP,PCNP,Gene,yellow
PCYOX1L,PCYOX1L,Gene,grey
PDCD6IP,PDCD6IP,Gene,brown
PDCL,PDCL,Gene,brown
PDPK1,PDPK1,Gene,brown
PDPR,PDPR,Gene,turquoise
PDZD11,PDZD11,Gene,yellow
PDZD8,PDZD8,Gene,yellow
PEBP1,PEBP1,Gene,green
PEF1,PEF1,Gene,turquoise
PELI1,PELI1,Gene,brown
PER2,PER2,Gene,black
PERM1,PERM1,Gene,purple
PEX19,PEX19,Gene,blue
PFDN6,PFDN6,Gene,yellow
PFKFB2,PFKFB2,Gene,green
PFKFB3,PFKFB3,Gene,turquoise
PFKL,PFKL,Gene,red
PGAM1,PGAM1,Gene,yellow
PGAP2,PGAP2,Gene,blue
PGD,PGD,Gene,grey
PHACTR2,PHACTR2,Gene,greenyellow
PHACTR4,PHACTR4,Gene,black
PHF1,PHF1,Gene,turquoise
PHF20,PHF20,Gene,yellow
PHF20L1,PHF20L1,Gene,turquoise
PHF21A,PHF21A,Gene,turquoise
PHF3,PHF3,Gene,turquoise
PHGDH,PHGDH,Gene,blue
PHKB,PHKB,Gene,black
PI4K2A,PI4K2A,Gene,red
PIAS1,PIAS1,Gene,turquoise
PIAS4,PIAS4,Gene,grey
PIGQ,PIGQ,Gene,grey
PIGT,PIGT,Gene,turquoise
PIH1D1,PIH1D1,Gene,blue
PIK3C2A,PIK3C2A,Gene,yellow
PIK3C2B,PIK3C2B,Gene,yellow
PIK3C3,PIK3C3,Gene,yellow
PINK1,PINK1,Gene,green
PINK1-AS,PINK1-AS,Gene,green
PIP5K1A,PIP5K1A,Gene,magenta
PITPNB,PITPNB,Gene,turquoise
PITPNM1,PITPNM1,Gene,turquoise
PITX1,PITX1,Gene,red
PITX2,PITX2,Gene,brown
PKN2,PKN2,Gene,grey
PKNOX2,PKNOX2,Gene,green
PKP1,PKP1,Gene,green
PKP3,PKP3,Gene,red
PLA2G4D,PLA2G4D,Gene,magenta
PLAC8,PLAC8,Gene,turquoise
PLAGL1,PLAGL1,Gene,purple
PLAT,PLAT,Gene,brown
PLBD1,PLBD1,Gene,black
PLBD1-AS1,PLBD1-AS1,Gene,greenyellow
PLCB3,PLCB3,Gene,turquoise
PLCG2,PLCG2,Gene,turquoise
PLD2,PLD2,Gene,purple
PLD3,PLD3,Gene,black
PLD6,PLD6,Gene,green
PLEC,PLEC,Gene,red
PLEKHA5,PLEKHA5,Gene,yellow
PLEKHA7,PLEKHA7,Gene,brown
PLEKHG1,PLEKHG1,Gene,green
PLEKHG4B,PLEKHG4B,Gene,pink
PLK3,PLK3,Gene,red
PLOD1,PLOD1,Gene,turquoise
PLOD2,PLOD2,Gene,yellow
PLP2,PLP2,Gene,turquoise
PLPBP,PLPBP,Gene,grey
PLSCR1,PLSCR1,Gene,turquoise
PLXDC2,PLXDC2,Gene,turquoise
PLXNA2,PLXNA2,Gene,pink
PLXNB2,PLXNB2,Gene,red
PMAIP1,PMAIP1,Gene,yellow
PMEPA1,PMEPA1,Gene,pink
PMPCB,PMPCB,Gene,grey
PNLIPRP3,PNLIPRP3,Gene,green
PNN,PNN,Gene,yellow
PNPLA7,PNPLA7,Gene,green
POF1B,POF1B,Gene,magenta
POGZ,POGZ,Gene,yellow
POLDIP2,POLDIP2,Gene,black
POLR1D,POLR1D,Gene,purple
POLR2A,POLR2A,Gene,green
POLR2E,POLR2E,Gene,turquoise
POLR2J,POLR2J,Gene,turquoise
POLR2L,POLR2L,Gene,turquoise
POLR2M,POLR2M,Gene,tan
POLR3C,POLR3C,Gene,blue
POM121,POM121,Gene,green
POM121C,POM121C,Gene,tan
POR,POR,Gene,pink
PORCN,PORCN,Gene,green
POU2F1,POU2F1,Gene,blue
PPARA,PPARA,Gene,grey
PPARD,PPARD,Gene,red
PPCDC,PPCDC,Gene,turquoise
PPFIBP1,PPFIBP1,Gene,blue
PPIL2,PPIL2,Gene,grey
PPL,PPL,Gene,red
PPM1A,PPM1A,Gene,magenta
PPM1B,PPM1B,Gene,turquoise
PPP1CA,PPP1CA,Gene,turquoise
PPP1R10,PPP1R10,Gene,turquoise
PPP1R13L,PPP1R13L,Gene,red
PPP1R15A,PPP1R15A,Gene,turquoise
PPP1R3B,PPP1R3B,Gene,brown
PPP1R3G,PPP1R3G,Gene,black
PPP1R8,PPP1R8,Gene,blue
PPP1R9B,PPP1R9B,Gene,turquoise
PPP2CB,PPP2CB,Gene,brown
PPP2R1B,PPP2R1B,Gene,blue
PPP2R5A,PPP2R5A,Gene,grey
PPP2R5B,PPP2R5B,Gene,brown
PPP3CB-AS1,PPP3CB-AS1,Gene,purple
PPP3CC,PPP3CC,Gene,grey
PPP4R1,PPP4R1,Gene,brown
PPP6C,PPP6C,Gene,tan
PPP6R2,PPP6R2,Gene,yellow
PPT1,PPT1,Gene,turquoise
PPTC7,PPTC7,Gene,magenta
PRDM2,PRDM2,Gene,brown
PRDX2,PRDX2,Gene,green
PRELID1,PRELID1,Gene,turquoise
PRELID3B,PRELID3B,Gene,grey
PRKAA1,PRKAA1,Gene,brown
PRKAB1,PRKAB1,Gene,pink
PRKACA,PRKACA,Gene,turquoise
PRKAR1A,PRKAR1A,Gene,turquoise
PRKCB,PRKCB,Gene,turquoise
PRKCSH,PRKCSH,Gene,grey
PRKDC,PRKDC,Gene,turquoise
PRMT5,PRMT5,Gene,green
PRMT5-AS1,PRMT5-AS1,Gene,green
PRPF8,PRPF8,Gene,turquoise
PRRC2A,PRRC2A,Gene,turquoise
PRRG2,PRRG2,Gene,grey
PRSS8,PRSS8,Gene,red
PRXL2B,PRXL2B,Gene,purple
PSD4,PSD4,Gene,turquoise
PSG4,PSG4,Gene,brown
PSKH1,PSKH1,Gene,turquoise
PSMA3-AS1,PSMA3-AS1,Gene,blue
PSMA4,PSMA4,Gene,turquoise
PSMB7,PSMB7,Gene,purple
PSMB8,PSMB8,Gene,turquoise
PSMB8-AS1,PSMB8-AS1,Gene,turquoise
PSMB9,PSMB9,Gene,turquoise
PSMC4,PSMC4,Gene,brown
PSMD11,PSMD11,Gene,yellow
PSMD4,PSMD4,Gene,yellow
PSMD6,PSMD6,Gene,turquoise
PSMD7,PSMD7,Gene,turquoise
PSMG2,PSMG2,Gene,blue
PTAR1,PTAR1,Gene,magenta
PTBP1,PTBP1,Gene,turquoise
PTCD1,PTCD1,Gene,turquoise
PTK6,PTK6,Gene,red
PTOV1-AS2,PTOV1-AS2,Gene,blue
PTP4A2,PTP4A2,Gene,turquoise
PTPN23,PTPN23,Gene,grey
PTPRF,PTPRF,Gene,blue
PTPRH,PTPRH,Gene,brown
PURB,PURB,Gene,yellow
PUSL1,PUSL1,Gene,red
PWWP2B,PWWP2B,Gene,red
PYM1,PYM1,Gene,blue
QKI,QKI,Gene,turquoise
QRICH1,QRICH1,Gene,yellow
RAB11A,RAB11A,Gene,turquoise
RAB11FIP5,RAB11FIP5,Gene,pink
RAB1B,RAB1B,Gene,grey
RAB25,RAB25,Gene,red
RAB27A,RAB27A,Gene,turquoise
RAB31,RAB31,Gene,turquoise
RAB35,RAB35,Gene,pink
RAB5B,RAB5B,Gene,red
RAB8A,RAB8A,Gene,turquoise
RABGEF1,RABGEF1,Gene,blue
RABIF,RABIF,Gene,turquoise
RAD21,RAD21,Gene,blue
RAD23B,RAD23B,Gene,magenta
RAD9A,RAD9A,Gene,red
RAI1,RAI1,Gene,brown
RALGPS2,RALGPS2,Gene,brown
RALY,RALY,Gene,grey
RAN,RAN,Gene,yellow
RANBP2,RANBP2,Gene,turquoise
RAP1A,RAP1A,Gene,turquoise
RAP1B,RAP1B,Gene,yellow
RAP1GDS1,RAP1GDS1,Gene,magenta
RAPGEF5,RAPGEF5,Gene,yellow
RASGEF1B,RASGEF1B,Gene,black
RASGRP1,RASGRP1,Gene,blue
RASSF1,RASSF1,Gene,blue
RASSF3,RASSF3,Gene,turquoise
RASSF5,RASSF5,Gene,turquoise
RBBP5,RBBP5,Gene,yellow
RBKS,RBKS,Gene,turquoise
RBM14,RBM14,Gene,black
RBM33,RBM33,Gene,blue
RBM4,RBM4,Gene,blue
RBM42,RBM42,Gene,black
RBM47,RBM47,Gene,brown
RBP1,RBP1,Gene,yellow
RBSN,RBSN,Gene,yellow
RC3H1,RC3H1,Gene,blue
RCC2-AS1,RCC2-AS1,Gene,grey
RCSD1,RCSD1,Gene,turquoise
REEP4,REEP4,Gene,green
REEP5,REEP5,Gene,turquoise
RELB,RELB,Gene,turquoise
REPS1,REPS1,Gene,blue
REST,REST,Gene,blue
RETSAT,RETSAT,Gene,yellow
RFK,RFK,Gene,magenta
RFNG,RFNG,Gene,turquoise
RFX1,RFX1,Gene,grey
RFXANK,RFXANK,Gene,black
RGL2,RGL2,Gene,pink
RGP1,RGP1,Gene,blue
RGS14,RGS14,Gene,turquoise
RGS16,RGS16,Gene,brown
RGS17,RGS17,Gene,blue
RHBDD2,RHBDD2,Gene,turquoise
RHBG,RHBG,Gene,grey
RHOB,RHOB,Gene,turquoise
RHOU,RHOU,Gene,pink
RIC8A,RIC8A,Gene,grey
RIN3,RIN3,Gene,grey
RING1,RING1,Gene,turquoise
RIOK3,RIOK3,Gene,purple
RLIM,RLIM,Gene,turquoise
RMC1,RMC1,Gene,brown
RMDN1,RMDN1,Gene,brown
RMND5A,RMND5A,Gene,magenta
RMND5B,RMND5B,Gene,pink
RNASEH2C,RNASEH2C,Gene,turquoise
RNASEK,RNASEK,Gene,grey
RND1,RND1,Gene,brown
RND3,RND3,Gene,brown
RNF103-CHMP3,RNF103-CHMP3,Gene,red
RNF11,RNF11,Gene,magenta
RNF114,RNF114,Gene,turquoise
RNF126,RNF126,Gene,purple
RNF135,RNF135,Gene,greenyellow
RNF145,RNF145,Gene,brown
RNF166,RNF166,Gene,turquoise
RNF170,RNF170,Gene,yellow
RNF181,RNF181,Gene,grey
RNF19B,RNF19B,Gene,turquoise
RNF223,RNF223,Gene,red
RNF26,RNF26,Gene,grey
RNF34,RNF34,Gene,blue
RNF39,RNF39,Gene,green
RNF4,RNF4,Gene,brown
RNF40,RNF40,Gene,turquoise
RNF43,RNF43,Gene,black
RNF7,RNF7,Gene,blue
RNPEPL1,RNPEPL1,Gene,pink
RNU4-1,RNU4-1,Gene,greenyellow
RPL12,RPL12,Gene,grey
RPL15,RPL15,Gene,black
RPL21,RPL21,Gene,turquoise
RPL22,RPL22,Gene,turquoise
RPL23A,RPL23A,Gene,magenta
RPL23AP82,RPL23AP82,Gene,magenta
RPL28,RPL28,Gene,green
RPL35,RPL35,Gene,grey
RPL37,RPL37,Gene,turquoise
RPL5,RPL5,Gene,turquoise
RPL9,RPL9,Gene,turquoise
RPLP0,RPLP0,Gene,red
RPS11,RPS11,Gene,turquoise
RPS13,RPS13,Gene,turquoise
RPS14,RPS14,Gene,grey
RPS15A,RPS15A,Gene,grey
RPS16,RPS16,Gene,turquoise
RPS2,RPS2,Gene,green
RPS25,RPS25,Gene,turquoise
RPS26,RPS26,Gene,grey
RPS29,RPS29,Gene,grey
RPS3,RPS3,Gene,grey
RPS6KA2,RPS6KA2,Gene,purple
RPS6KA3,RPS6KA3,Gene,grey
RPS6KB2,RPS6KB2,Gene,grey
RPSA,RPSA,Gene,grey
RPTN,RPTN,Gene,green
RRAGD,RRAGD,Gene,turquoise
RRAS2,RRAS2,Gene,magenta
RREB1,RREB1,Gene,greenyellow
RSAD1,RSAD1,Gene,black
RSRC2,RSRC2,Gene,brown
RSRP1,RSRP1,Gene,blue
RTL8A,RTL8A,Gene,yellow
RTRAF,RTRAF,Gene,blue
RUVBL2,RUVBL2,Gene,grey
RYK,RYK,Gene,grey
S100A13,S100A13,Gene,black
S100P,S100P,Gene,pink
S1PR4,S1PR4,Gene,turquoise
SAFB2,SAFB2,Gene,blue
SAMD4B,SAMD4B,Gene,grey
SAMD8,SAMD8,Gene,yellow
SAMD9,SAMD9,Gene,brown
SAMHD1,SAMHD1,Gene,black
SARAF,SARAF,Gene,black
SASH1,SASH1,Gene,greenyellow
SASH3,SASH3,Gene,turquoise
SATB1,SATB1,Gene,blue
SBF2,SBF2,Gene,turquoise
SBNO2,SBNO2,Gene,turquoise
SBSN,SBSN,Gene,green
SCAF8,SCAF8,Gene,tan
SCAMP2,SCAMP2,Gene,pink
SCAMP3,SCAMP3,Gene,black
SCAND1,SCAND1,Gene,red
SCAP,SCAP,Gene,turquoise
SCEL,SCEL,Gene,brown
SCEL-AS1,SCEL-AS1,Gene,blue
SCNN1A,SCNN1A,Gene,red
SCNN1D,SCNN1D,Gene,red
SCOC,SCOC,Gene,grey
SCRIB,SCRIB,Gene,grey
SCYL1,SCYL1,Gene,yellow
SCYL2,SCYL2,Gene,turquoise
SDF2L1,SDF2L1,Gene,purple
SDHC,SDHC,Gene,yellow
SDR9C7,SDR9C7,Gene,green
SEC13,SEC13,Gene,turquoise
SEC16A,SEC16A,Gene,grey
SEC22B,SEC22B,Gene,turquoise
SEC31A,SEC31A,Gene,magenta
SEC62,SEC62,Gene,turquoise
SECISBP2,SECISBP2,Gene,blue
SEL1L,SEL1L,Gene,greenyellow
SELENOF,SELENOF,Gene,turquoise
SELENON,SELENON,Gene,grey
SEMA3C,SEMA3C,Gene,green
SEMA4B,SEMA4B,Gene,turquoise
SEMA4D,SEMA4D,Gene,turquoise
SEMA5A,SEMA5A,Gene,purple
SENP5,SENP5,Gene,blue
SEPTIN10,SEPTIN10,Gene,blue
SEPTIN11,SEPTIN11,Gene,black
SEPTIN7,SEPTIN7,Gene,magenta
SEPTIN8,SEPTIN8,Gene,brown
SEPTIN9,SEPTIN9,Gene,turquoise
SERF2,SERF2,Gene,turquoise
SERINC5,SERINC5,Gene,yellow
SERPINB13,SERPINB13,Gene,magenta
SERPINB7,SERPINB7,Gene,green
SERPINB9P1,SERPINB9P1,Gene,turquoise
SETD1B,SETD1B,Gene,brown
SETD7,SETD7,Gene,grey
SETX,SETX,Gene,turquoise
SF3A1,SF3A1,Gene,turquoise
SF3B1,SF3B1,Gene,turquoise
SF3B2,SF3B2,Gene,turquoise
SFPQ,SFPQ,Gene,turquoise
SFXN4,SFXN4,Gene,purple
SH3BGRL2,SH3BGRL2,Gene,magenta
SH3BP1,SH3BP1,Gene,grey
SH3D19,SH3D19,Gene,brown
SH3D21,SH3D21,Gene,grey
SH3GL3,SH3GL3,Gene,yellow
SH3PXD2A,SH3PXD2A,Gene,purple
SH3YL1,SH3YL1,Gene,yellow
SHOC2,SHOC2,Gene,yellow
SHPK,SHPK,Gene,pink
SIGIRR,SIGIRR,Gene,turquoise
SIK1,SIK1,Gene,grey
SIN3A,SIN3A,Gene,turquoise
SIPA1L2,SIPA1L2,Gene,turquoise
SIRT1,SIRT1,Gene,magenta
SIRT7,SIRT7,Gene,pink
SKAP2,SKAP2,Gene,turquoise
SKIL,SKIL,Gene,turquoise
SKP1,SKP1,Gene,magenta
SLA,SLA,Gene,turquoise
SLBP,SLBP,Gene,yellow
SLC11A2,SLC11A2,Gene,brown
SLC12A6,SLC12A6,Gene,yellow
SLC20A1,SLC20A1,Gene,turquoise
SLC24A4,SLC24A4,Gene,brown
SLC25A25-AS1,SLC25A25-AS1,Gene,black
SLC2A5,SLC2A5,Gene,purple
SLC35A3,SLC35A3,Gene,grey
SLC35A4,SLC35A4,Gene,turquoise
SLC35E1,SLC35E1,Gene,purple
SLC35E2A,SLC35E2A,Gene,grey
SLC35F5,SLC35F5,Gene,yellow
SLC35F6,SLC35F6,Gene,turquoise
SLC37A2,SLC37A2,Gene,green
SLC39A7,SLC39A7,Gene,turquoise
SLC43A3,SLC43A3,Gene,turquoise
SLC44A2,SLC44A2,Gene,turquoise
SLC44A4,SLC44A4,Gene,blue
SLC45A4,SLC45A4,Gene,turquoise
SLC50A1,SLC50A1,Gene,yellow
SLC7A2,SLC7A2,Gene,green
SLC9A3R2,SLC9A3R2,Gene,green
SLC9A7,SLC9A7,Gene,green
SLFN5,SLFN5,Gene,blue
SLTM,SLTM,Gene,blue
SLU7,SLU7,Gene,blue
SMAP1,SMAP1,Gene,blue
SMAP2,SMAP2,Gene,turquoise
SMARCA2,SMARCA2,Gene,yellow
SMARCA5,SMARCA5,Gene,yellow
SMC1A,SMC1A,Gene,yellow
SMC4,SMC4,Gene,blue
SMCHD1,SMCHD1,Gene,turquoise
SMCR8,SMCR8,Gene,pink
SMIM14,SMIM14,Gene,magenta
SMIM15,SMIM15,Gene,blue
SMIM3,SMIM3,Gene,yellow
SMIM5,SMIM5,Gene,pink
SMIM6,SMIM6,Gene,blue
SMNDC1,SMNDC1,Gene,brown
SMS,SMS,Gene,green
SNAPC3,SNAPC3,Gene,yellow
SND1,SND1,Gene,yellow
SNHG3,SNHG3,Gene,yellow
SNIP1,SNIP1,Gene,yellow
SNORD17,SNORD17,Gene,greenyellow
SNORD3A,SNORD3A,Gene,greenyellow
SNRNP200,SNRNP200,Gene,blue
SNRPA,SNRPA,Gene,grey
SNX19,SNX19,Gene,blue
SNX2,SNX2,Gene,yellow
SNX3,SNX3,Gene,turquoise
SNX8,SNX8,Gene,red
SON,SON,Gene,greenyellow
SORD,SORD,Gene,greenyellow
SORL1,SORL1,Gene,turquoise
SOS1,SOS1,Gene,blue
SOS2,SOS2,Gene,blue
SOWAHC,SOWAHC,Gene,greenyellow
SOX12,SOX12,Gene,green
SOX7,SOX7,Gene,green
SP100,SP100,Gene,turquoise
SP6,SP6,Gene,pink
SPAG1,SPAG1,Gene,magenta
SPAST,SPAST,Gene,turquoise
SPCS2,SPCS2,Gene,blue
SPG11,SPG11,Gene,blue
SPG21,SPG21,Gene,turquoise
SPG7,SPG7,Gene,brown
SPIN1,SPIN1,Gene,greenyellow
SPINK5,SPINK5,Gene,green
SPIRE1,SPIRE1,Gene,greenyellow
SPNS2,SPNS2,Gene,pink
SPOP,SPOP,Gene,blue
SPOPL,SPOPL,Gene,turquoise
SPP1,SPP1,Gene,turquoise
SPPL3,SPPL3,Gene,grey
SPRED2,SPRED2,Gene,greenyellow
SPRR1B,SPRR1B,Gene,yellow
SPRR2F,SPRR2F,Gene,brown
SPRR5,SPRR5,Gene,yellow
SPSB1,SPSB1,Gene,green
SPSB3,SPSB3,Gene,red
SPTBN2,SPTBN2,Gene,yellow
SPTY2D1OS,SPTY2D1OS,Gene,blue
SREK1IP1,SREK1IP1,Gene,yellow
SRI,SRI,Gene,magenta
SRP9,SRP9,Gene,brown
SRRD,SRRD,Gene,blue
SRRM2,SRRM2,Gene,turquoise
SRSF4,SRSF4,Gene,brown
SRSF5,SRSF5,Gene,brown
SRSF9,SRSF9,Gene,yellow
SSBP3,SSBP3,Gene,blue
SSH2,SSH2,Gene,turquoise
ST3GAL1,ST3GAL1,Gene,yellow
ST6GALNAC1,ST6GALNAC1,Gene,black
STAM2,STAM2,Gene,turquoise
STARD5,STARD5,Gene,grey
STAT2,STAT2,Gene,brown
STAT3,STAT3,Gene,turquoise
STAU1,STAU1,Gene,blue
STIP1,STIP1,Gene,yellow
STK17A,STK17A,Gene,yellow
STK3,STK3,Gene,blue
STK4,STK4,Gene,turquoise
STK40,STK40,Gene,grey
STN1,STN1,Gene,grey
STRBP,STRBP,Gene,yellow
STRIP1,STRIP1,Gene,blue
STRN4,STRN4,Gene,yellow
STS,STS,Gene,blue
STUB1,STUB1,Gene,black
STX10,STX10,Gene,turquoise
STX16,STX16,Gene,turquoise
STX4,STX4,Gene,turquoise
STX5,STX5,Gene,black
STXBP1,STXBP1,Gene,black
SUCLA2,SUCLA2,Gene,yellow
SUCO,SUCO,Gene,brown
SUDS3,SUDS3,Gene,turquoise
SUGP1,SUGP1,Gene,yellow
SULT1B1,SULT1B1,Gene,yellow
SUMO2,SUMO2,Gene,purple
SUMO3,SUMO3,Gene,blue
SURF4,SURF4,Gene,grey
SWI5,SWI5,Gene,turquoise
SYDE1,SYDE1,Gene,brown
SYF2,SYF2,Gene,yellow
SYMPK,SYMPK,Gene,blue
SYNCRIP,SYNCRIP,Gene,yellow
SYNGR3,SYNGR3,Gene,red
SYNRG,SYNRG,Gene,grey
SYT17,SYT17,Gene,grey
SYTL4,SYTL4,Gene,brown
TACC1,TACC1,Gene,brown
TADA3,TADA3,Gene,turquoise
TAF10,TAF10,Gene,grey
TAF15,TAF15,Gene,tan
TAF1B,TAF1B,Gene,magenta
TAF8,TAF8,Gene,grey
TALDO1,TALDO1,Gene,turquoise
TAOK2,TAOK2,Gene,yellow
TAOK3,TAOK3,Gene,blue
TBC1D10B,TBC1D10B,Gene,turquoise
TBC1D14,TBC1D14,Gene,brown
TBC1D17,TBC1D17,Gene,greenyellow
TBC1D22B,TBC1D22B,Gene,brown
TBC1D23,TBC1D23,Gene,magenta
TBC1D25,TBC1D25,Gene,magenta
TBC1D7,TBC1D7,Gene,black
TBC1D9,TBC1D9,Gene,black
TBC1D9B,TBC1D9B,Gene,brown
TBK1,TBK1,Gene,tan
TBL3,TBL3,Gene,red
TC2N,TC2N,Gene,blue
TCAF2,TCAF2,Gene,purple
TCAIM,TCAIM,Gene,blue
TCEA1,TCEA1,Gene,grey
TCF25,TCF25,Gene,blue
TCP1,TCP1,Gene,blue
TCP11L2,TCP11L2,Gene,greenyellow
TCTEX1D4,TCTEX1D4,Gene,turquoise
TEDDM1,TEDDM1,Gene,blue
TEF,TEF,Gene,grey
TEN1,TEN1,Gene,green
TENT4B,TENT4B,Gene,tan
TENT5A,TENT5A,Gene,brown
TERF2IP,TERF2IP,Gene,tan
TES,TES,Gene,yellow
TFAP2A,TFAP2A,Gene,blue
TFAP2C,TFAP2C,Gene,blue
TFG,TFG,Gene,blue
TFIP11,TFIP11,Gene,blue
TGM1,TGM1,Gene,brown
TGM2,TGM2,Gene,blue
TGM5,TGM5,Gene,blue
THAP4,THAP4,Gene,purple
THBD,THBD,Gene,turquoise
THBS2,THBS2,Gene,grey
THOC5,THOC5,Gene,turquoise
THUMPD3-AS1,THUMPD3-AS1,Gene,blue
TIMM17B,TIMM17B,Gene,grey
TINCR,TINCR,Gene,red
TIPARP,TIPARP,Gene,brown
TJP1,TJP1,Gene,brown
TLE3,TLE3,Gene,turquoise
TLR4,TLR4,Gene,turquoise
TM9SF2,TM9SF2,Gene,brown
TM9SF4,TM9SF4,Gene,turquoise
TMBIM6,TMBIM6,Gene,yellow
TMC5,TMC5,Gene,brown
TMC8,TMC8,Gene,turquoise
TMCO4,TMCO4,Gene,yellow
TMED10,TMED10,Gene,yellow
TMED7,TMED7,Gene,blue
TMED9,TMED9,Gene,blue
TMEM102,TMEM102,Gene,blue
TMEM120A,TMEM120A,Gene,turquoise
TMEM123,TMEM123,Gene,yellow
TMEM144,TMEM144,Gene,brown
TMEM154,TMEM154,Gene,turquoise
TMEM159,TMEM159,Gene,red
TMEM173,TMEM173,Gene,turquoise
TMEM183A,TMEM183A,Gene,turquoise
TMEM184A,TMEM184A,Gene,red
TMEM184B,TMEM184B,Gene,pink
TMEM189,TMEM189,Gene,red
TMEM200B,TMEM200B,Gene,turquoise
TMEM208,TMEM208,Gene,turquoise
TMEM248,TMEM248,Gene,black
TMEM254,TMEM254,Gene,magenta
TMEM30A,TMEM30A,Gene,brown
TMEM33,TMEM33,Gene,yellow
TMEM40,TMEM40,Gene,red
TMEM59,TMEM59,Gene,yellow
TMEM63B,TMEM63B,Gene,brown
TMEM87A,TMEM87A,Gene,blue
TMEM91,TMEM91,Gene,turquoise
TMPRSS11D,TMPRSS11D,Gene,yellow
TMPRSS11F,TMPRSS11F,Gene,turquoise
TMUB1,TMUB1,Gene,purple
TMX2,TMX2,Gene,turquoise
TMX4,TMX4,Gene,turquoise
TNF,TNF,Gene,turquoise
TNFAIP1,TNFAIP1,Gene,brown
TNFAIP3,TNFAIP3,Gene,turquoise
TNFRSF14,TNFRSF14,Gene,turquoise
TNFSF10,TNFSF10,Gene,blue
TNIP1,TNIP1,Gene,red
TNIP2,TNIP2,Gene,turquoise
TNK1,TNK1,Gene,grey
TNK2,TNK2,Gene,pink
TNKS2,TNKS2,Gene,blue
TNNT1,TNNT1,Gene,grey
TNPO3,TNPO3,Gene,yellow
TNRC18,TNRC18,Gene,blue
TNRC6B,TNRC6B,Gene,turquoise
TOM1,TOM1,Gene,red
TOM1L2,TOM1L2,Gene,red
TOMM20,TOMM20,Gene,tan
TOMM22,TOMM22,Gene,turquoise
TOP1,TOP1,Gene,brown
TOR1AIP1,TOR1AIP1,Gene,black
TOR1AIP2,TOR1AIP2,Gene,red
TOR1B,TOR1B,Gene,blue
TOR2A,TOR2A,Gene,yellow
TOX4,TOX4,Gene,black
TP53I11,TP53I11,Gene,green
TP53I3,TP53I3,Gene,red
TP53INP1,TP53INP1,Gene,turquoise
TRAF1,TRAF1,Gene,turquoise
TRAF2,TRAF2,Gene,brown
TRAF4,TRAF4,Gene,pink
TRAF6,TRAF6,Gene,brown
TRAFD1,TRAFD1,Gene,turquoise
TRAK1,TRAK1,Gene,yellow
TRAPPC1,TRAPPC1,Gene,turquoise
TRAPPC6B,TRAPPC6B,Gene,yellow
TRAPPC8,TRAPPC8,Gene,greenyellow
TRAPPC9,TRAPPC9,Gene,turquoise
TRIM14,TRIM14,Gene,brown
TRIM17,TRIM17,Gene,brown
TRIM25,TRIM25,Gene,turquoise
TRIM29,TRIM29,Gene,purple
TRIM39,TRIM39,Gene,turquoise
TRIM8,TRIM8,Gene,pink
TRIOBP,TRIOBP,Gene,red
TRNAU1AP,TRNAU1AP,Gene,blue
TRPM4,TRPM4,Gene,pink
TSC1,TSC1,Gene,blue
TSC22D2,TSC22D2,Gene,greenyellow
TSC22D4,TSC22D4,Gene,pink
TSEN54,TSEN54,Gene,grey
TSIX,TSIX,Gene,brown
TSPAN13,TSPAN13,Gene,tan
TSPAN18,TSPAN18,Gene,magenta
TSPAN3,TSPAN3,Gene,blue
TSPYL1,TSPYL1,Gene,black
TSR2,TSR2,Gene,brown
TST,TST,Gene,red
TTC1,TTC1,Gene,turquoise
TTC19,TTC19,Gene,black
TTN,TTN,Gene,turquoise
TUBB4B,TUBB4B,Gene,green
TUBGCP2,TUBGCP2,Gene,yellow
TUFM,TUFM,Gene,magenta
TULP3,TULP3,Gene,brown
TULP4,TULP4,Gene,greenyellow
TWF1,TWF1,Gene,magenta
TXN,TXN,Gene,turquoise
TXNL1,TXNL1,Gene,turquoise
TYK2,TYK2,Gene,turquoise
UAP1,UAP1,Gene,brown
UBA3,UBA3,Gene,turquoise
UBALD1,UBALD1,Gene,red
UBALD2,UBALD2,Gene,grey
UBAP2,UBAP2,Gene,blue
UBC,UBC,Gene,blue
UBE2A,UBE2A,Gene,turquoise
UBE2B,UBE2B,Gene,turquoise
UBE2G1,UBE2G1,Gene,magenta
UBE2H,UBE2H,Gene,brown
UBE2L3,UBE2L3,Gene,yellow
UBE2N,UBE2N,Gene,yellow
UBE2S,UBE2S,Gene,grey
UBE2W,UBE2W,Gene,turquoise
UBE3A,UBE3A,Gene,green
UBE3B,UBE3B,Gene,black
UBL3,UBL3,Gene,magenta
UBL4A,UBL4A,Gene,grey
UBN1,UBN1,Gene,greenyellow
UBN2,UBN2,Gene,yellow
UBP1,UBP1,Gene,greenyellow
UBQLN4,UBQLN4,Gene,grey
UBXN4,UBXN4,Gene,yellow
UBXN6,UBXN6,Gene,red
UBXN7,UBXN7,Gene,black
UFC1,UFC1,Gene,black
UFSP2,UFSP2,Gene,purple
UGP2,UGP2,Gene,turquoise
ULK1,ULK1,Gene,green
UPF2,UPF2,Gene,yellow
UPK3B,UPK3B,Gene,green
UPP1,UPP1,Gene,red
UQCR11,UQCR11,Gene,grey
UQCRB,UQCRB,Gene,turquoise
UQCRH,UQCRH,Gene,turquoise
URM1,URM1,Gene,black
USP11,USP11,Gene,yellow
USP12,USP12,Gene,turquoise
USP2,USP2,Gene,green
USP25,USP25,Gene,magenta
USP53,USP53,Gene,magenta
USP54,USP54,Gene,purple
USP8,USP8,Gene,yellow
USP9X,USP9X,Gene,turquoise
VAMP2,VAMP2,Gene,turquoise
VAMP3,VAMP3,Gene,grey
VAPA,VAPA,Gene,grey
VASN,VASN,Gene,red
VAT1,VAT1,Gene,red
VDR,VDR,Gene,turquoise
VEGFA,VEGFA,Gene,turquoise
VEZT,VEZT,Gene,brown
VGLL1,VGLL1,Gene,blue
VHL,VHL,Gene,turquoise
VMP1,VMP1,Gene,turquoise
VPS13D,VPS13D,Gene,blue
VPS18,VPS18,Gene,turquoise
VPS25,VPS25,Gene,blue
VPS26C,VPS26C,Gene,turquoise
VPS28,VPS28,Gene,tan
VPS37B,VPS37B,Gene,red
VPS37C,VPS37C,Gene,blue
VPS4B,VPS4B,Gene,brown
VPS52,VPS52,Gene,black
VSIG10,VSIG10,Gene,black
VSIG10L,VSIG10L,Gene,green
VSIR,VSIR,Gene,turquoise
VTA1,VTA1,Gene,blue
VTI1A,VTI1A,Gene,brown
VWA1,VWA1,Gene,brown
VWA5A,VWA5A,Gene,blue
WAC,WAC,Gene,turquoise
WARS,WARS,Gene,turquoise
WASHC2C,WASHC2C,Gene,turquoise
WASHC4,WASHC4,Gene,tan
WBP11,WBP11,Gene,blue
WBP1L,WBP1L,Gene,grey
WDFY1,WDFY1,Gene,turquoise
WDFY2,WDFY2,Gene,yellow
WDFY3,WDFY3,Gene,turquoise
WDFY4,WDFY4,Gene,turquoise
WDR13,WDR13,Gene,red
WDR34,WDR34,Gene,black
WDR37,WDR37,Gene,yellow
WDR47,WDR47,Gene,turquoise
WDR48,WDR48,Gene,brown
WDR55,WDR55,Gene,pink
WDTC1,WDTC1,Gene,turquoise
WFDC12,WFDC12,Gene,green
WFS1,WFS1,Gene,tan
WIPF2,WIPF2,Gene,blue
WNK2,WNK2,Gene,green
WNT2B,WNT2B,Gene,yellow
WNT7A,WNT7A,Gene,magenta
WWC2,WWC2,Gene,grey
XBP1,XBP1,Gene,turquoise
XIAP,XIAP,Gene,black
XKR8,XKR8,Gene,turquoise
XPO1,XPO1,Gene,blue
XRCC1,XRCC1,Gene,yellow
XRCC5,XRCC5,Gene,turquoise
XRN1,XRN1,Gene,yellow
XRN2,XRN2,Gene,turquoise
XRRA1,XRRA1,Gene,red
XYLT1,XYLT1,Gene,greenyellow
YAP1,YAP1,Gene,blue
YES1,YES1,Gene,grey
YIPF2,YIPF2,Gene,green
YPEL1,YPEL1,Gene,grey
YPEL5,YPEL5,Gene,brown
YTHDF3,YTHDF3,Gene,magenta
YWHAB,YWHAB,Gene,turquoise
YY1,YY1,Gene,blue
YY1AP1,YY1AP1,Gene,green
ZBP1,ZBP1,Gene,turquoise
ZBTB1,ZBTB1,Gene,turquoise
ZBTB38,ZBTB38,Gene,blue
ZBTB7A,ZBTB7A,Gene,blue
ZC3H4,ZC3H4,Gene,brown
ZCCHC17,ZCCHC17,Gene,grey
ZCCHC3,ZCCHC3,Gene,yellow
ZDHHC12,ZDHHC12,Gene,pink
ZDHHC13,ZDHHC13,Gene,brown
ZDHHC21,ZDHHC21,Gene,brown
ZDHHC3,ZDHHC3,Gene,yellow
ZDHHC5,ZDHHC5,Gene,pink
ZEB2,ZEB2,Gene,turquoise
ZFP36,ZFP36,Gene,turquoise
ZFYVE1,ZFYVE1,Gene,brown
ZHX1-C8orf76,ZHX1-C8orf76,Gene,blue
ZHX3,ZHX3,Gene,green
ZMIZ1,ZMIZ1,Gene,yellow
ZMYND11,ZMYND11,Gene,brown
ZNF148,ZNF148,Gene,yellow
ZNF165,ZNF165,Gene,yellow
ZNF213,ZNF213,Gene,grey
ZNF292,ZNF292,Gene,tan
ZNF333,ZNF333,Gene,turquoise
ZNF337-AS1,ZNF337-AS1,Gene,blue
ZNF394,ZNF394,Gene,brown
ZNF430,ZNF430,Gene,yellow
ZNF431,ZNF431,Gene,greenyellow
ZNF433,ZNF433,Gene,brown
ZNF516,ZNF516,Gene,blue
ZNF524,ZNF524,Gene,purple
ZNF555,ZNF555,Gene,blue
ZNF561-AS1,ZNF561-AS1,Gene,brown
ZNF575,ZNF575,Gene,pink
ZNF598,ZNF598,Gene,pink
ZNF638,ZNF638,Gene,turquoise
ZNF710,ZNF710,Gene,pink
ZNF714,ZNF714,Gene,greenyellow
ZNF766,ZNF766,Gene,blue
ZNF783,ZNF783,Gene,greenyellow
ZNF800,ZNF800,Gene,magenta
ZNF812P,ZNF812P,Gene,brown
ZNF83,ZNF83,Gene,greenyellow
ZNF844,ZNF844,Gene,blue
ZNRD1,ZNRD1,Gene,yellow
ZNRF1,ZNRF1,Gene,red
ZRANB1,ZRANB1,Gene,green
ZSCAN18,ZSCAN18,Gene,brown
ZSWIM8,ZSWIM8,Gene,turquoise
ZZEF1,ZZEF1,Gene,blue
Dialister succinatiphilus,Dialister succinatiphilus,Microorganism,NA
Fusobacterium canifelinum,Fusobacterium canifelinum,Microorganism,NA
Hoylesella buccalis,Hoylesella buccalis,Microorganism,NA
Phascolarctobacterium faecium,Phascolarctobacterium faecium,Microorganism,NA
Prevotella intermedia,Prevotella intermedia,Microorganism,NA
Prevotella ruminicola,Prevotella ruminicola,Microorganism,NA
Selenomonas sputigena,Selenomonas sputigena,Microorganism,NA
Streptococcus dysgalactiae,Streptococcus dysgalactiae,Microorganism,NA
Staphylococcus pettenkoferi,Staphylococcus pettenkoferi,Microorganism,NA
Sulfurimicrobium lacus,Sulfurimicrobium lacus,Microorganism,NA
Candidatus Methylospira mobilis,Candidatus Methylospira mobilis,Microorganism,NA
Porphyromonas endodontalis,Porphyromonas endodontalis,Microorganism,NA
Cardiobacterium hominis,Cardiobacterium hominis,Microorganism,NA
Microbacterium aurum,Microbacterium aurum,Microorganism,NA
Enhydrobacter sp.,Enhydrobacter sp.,Microorganism,NA
Veillonella dispar,Veillonella dispar,Microorganism,NA
Lactiplantibacillus pentosus,Lactiplantibacillus pentosus,Microorganism,NA
Porphyromonas somerae,Porphyromonas somerae,Microorganism,NA
Toxoplasma gondii,Toxoplasma gondii,Microorganism,NA
Prevotella dentalis,Prevotella dentalis,Microorganism,NA
Bifidobacterium dentium,Bifidobacterium dentium,Microorganism,NA
Sphingomonas sp. SUN019,Sphingomonas sp. SUN019,Microorganism,NA
Methylobacterium sp. WL1,Methylobacterium sp. WL1,Microorganism,NA
Plasmodium relictum,Plasmodium relictum,Microorganism,NA
Sphingomonas sp. LK11,Sphingomonas sp. LK11,Microorganism,NA
Fusobacterium pseudoperiodonticum,Fusobacterium pseudoperiodonticum,Microorganism,NA
Massilia sp. LPB0304,Massilia sp. LPB0304,Microorganism,NA
Sphaerotilus sulfidivorans,Sphaerotilus sulfidivorans,Microorganism,NA
Morococcus cerebrosus,Morococcus cerebrosus,Microorganism,NA
Streptomyces sp. HUAS CX7,Streptomyces sp. HUAS CX7,Microorganism,NA
Pseudomonas putida,Pseudomonas putida,Microorganism,NA
Bacillus velezensis,Bacillus velezensis,Microorganism,NA
Lactobacillus sp. ESL0680,Lactobacillus sp. ESL0680,Microorganism,NA
Enterobacter bugandensis,Enterobacter bugandensis,Microorganism,NA
Micrococcus lylae,Micrococcus lylae,Microorganism,NA
Lactiplantibacillus plantarum,Lactiplantibacillus plantarum,Microorganism,NA
Rothia dentocariosa,Rothia dentocariosa,Microorganism,NA
Actinomyces oris,Actinomyces oris,Microorganism,NA
Pasteurella multocida,Pasteurella multocida,Microorganism,NA
Roseomonas mucosa,Roseomonas mucosa,Microorganism,NA
Streptococcus gordonii,Streptococcus gordonii,Microorganism,NA
Gardnerella leopoldii,Gardnerella leopoldii,Microorganism,NA
Corynebacterium kroppenstedtii,Corynebacterium kroppenstedtii,Microorganism,NA
Epilithonimonas vandammei,Epilithonimonas vandammei,Microorganism,NA
Pseudoxanthomonas mexicana,Pseudoxanthomonas mexicana,Microorganism,NA
Staphylococcus xylosus,Staphylococcus xylosus,Microorganism,NA
Agrobacterium pusense,Agrobacterium pusense,Microorganism,NA
Malassezia restricta,Malassezia restricta,Microorganism,NA
Staphylococcus epidermidis,Staphylococcus epidermidis,Microorganism,NA
Hydrogenophaga sp. PBC,Hydrogenophaga sp. PBC,Microorganism,NA
Tessaracoccus defluvii,Tessaracoccus defluvii,Microorganism,NA
Acinetobacter variabilis,Acinetobacter variabilis,Microorganism,NA
Schaalia radingae,Schaalia radingae,Microorganism,NA
Ustilaginoidea virens,Ustilaginoidea virens,Microorganism,NA
Rothia mucilaginosa,Rothia mucilaginosa,Microorganism,NA
Algicella marina,Algicella marina,Microorganism,NA
Paracoccus sp. MC1862,Paracoccus sp. MC1862,Microorganism,NA
Actinomyces sp. HMT 175,Actinomyces sp. HMT 175,Microorganism,NA
Staphylococcus nepalensis,Staphylococcus nepalensis,Microorganism,NA
Klebsiella michiganensis,Klebsiella michiganensis,Microorganism,NA
Aspergillus puulaauensis,Aspergillus puulaauensis,Microorganism,NA
Comamonas aquatica,Comamonas aquatica,Microorganism,NA
Streptococcus parasanguinis,Streptococcus parasanguinis,Microorganism,NA
Bombilactobacillus folatiphilus,Bombilactobacillus folatiphilus,Microorganism,NA
Haemophilus parainfluenzae,Haemophilus parainfluenzae,Microorganism,NA
Pseudomonas sp. CBS,Pseudomonas sp. CBS,Microorganism,NA
Solibaculum mannosilyticum,Solibaculum mannosilyticum,Microorganism,NA
Lacticaseibacillus sp. NCIMB 15474,Lacticaseibacillus sp. NCIMB 15474,Microorganism,NA
Brevundimonas diminuta,Brevundimonas diminuta,Microorganism,NA
Blastococcus sp. PRF04-17,Blastococcus sp. PRF04-17,Microorganism,NA
Mycoplasmopsis felis,Mycoplasmopsis felis,Microorganism,NA
Pseudoclostridium thermosuccinogenes,Pseudoclostridium thermosuccinogenes,Microorganism,NA
Paracoccus sp. TOH,Paracoccus sp. TOH,Microorganism,NA
Aeromonas caviae,Aeromonas caviae,Microorganism,NA
Olsenella timonensis,Olsenella timonensis,Microorganism,NA
Aquincola tertiaricarbonis,Aquincola tertiaricarbonis,Microorganism,NA
Nocardioides sp. S5,Nocardioides sp. S5,Microorganism,NA
Ascochyta rabiei,Ascochyta rabiei,Microorganism,NA
Cutibacterium modestum,Cutibacterium modestum,Microorganism,NA
Jeotgalicoccus sp. ATCC 8456,Jeotgalicoccus sp. ATCC 8456,Microorganism,NA
Rheinheimera sp. MM224,Rheinheimera sp. MM224,Microorganism,NA
Rhodococcus erythropolis,Rhodococcus erythropolis,Microorganism,NA
Cryptomonas paramecium,Cryptomonas paramecium,Microorganism,NA
Latilactobacillus sakei,Latilactobacillus sakei,Microorganism,NA
Corynebacterium aquatimens,Corynebacterium aquatimens,Microorganism,NA
Streptococcus sanguinis,Streptococcus sanguinis,Microorganism,NA
Actinomyces sp. oral taxon 169,Actinomyces sp. oral taxon 169,Microorganism,NA
Lactobacillus sp. PV034,Lactobacillus sp. PV034,Microorganism,NA
Periweissella cryptocerci,Periweissella cryptocerci,Microorganism,NA
Fructilactobacillus lindneri,Fructilactobacillus lindneri,Microorganism,NA
Leptolyngbya sp. 7M,Leptolyngbya sp. 7M,Microorganism,NA
Fusobacterium vincentii,Fusobacterium vincentii,Microorganism,NA
Pseudomonas oryzihabitans,Pseudomonas oryzihabitans,Microorganism,NA
Paracoccus sp. S3-43,Paracoccus sp. S3-43,Microorganism,NA
Leptotrichia sp. oral taxon 212,Leptotrichia sp. oral taxon 212,Microorganism,NA
Fusarium keratoplasticum,Fusarium keratoplasticum,Microorganism,NA
Pseudoroseomonas cervicalis,Pseudoroseomonas cervicalis,Microorganism,NA
Sphingomonas hankookensis,Sphingomonas hankookensis,Microorganism,NA
Methylobacterium sp. FF17,Methylobacterium sp. FF17,Microorganism,NA
Tepidimonas taiwanensis,Tepidimonas taiwanensis,Microorganism,NA
Duodenibacillus massiliensis,Duodenibacillus massiliensis,Microorganism,NA
Neisseria arctica,Neisseria arctica,Microorganism,NA
Mycoplasmopsis cynos,Mycoplasmopsis cynos,Microorganism,NA
Clostridium butyricum,Clostridium butyricum,Microorganism,NA
Staphylococcus warneri,Staphylococcus warneri,Microorganism,NA
Cryptosporidium parvum,Cryptosporidium parvum,Microorganism,NA
Stenotrophomonas sp. BIO128-Bstrain,Stenotrophomonas sp. BIO128-Bstrain,Microorganism,NA
Pseudocnuella soli,Pseudocnuella soli,Microorganism,NA
Clostridium tetani,Clostridium tetani,Microorganism,NA
Clostridioides difficile,Clostridioides difficile,Microorganism,NA
Cupriavidus metallidurans,Cupriavidus metallidurans,Microorganism,NA
Iamia majanohamensis,Iamia majanohamensis,Microorganism,NA
Ilumatobacter coccineus,Ilumatobacter coccineus,Microorganism,NA
Fusobacterium sp. oral taxon 203,Fusobacterium sp. oral taxon 203,Microorganism,NA
Aspergillus fumigatus,Aspergillus fumigatus,Microorganism,NA
Limnobacter sp. SAORIC-580,Limnobacter sp. SAORIC-580,Microorganism,NA
Peptacetobacter hiranonis,Peptacetobacter hiranonis,Microorganism,NA
Deinococcus radiopugnans,Deinococcus radiopugnans,Microorganism,NA
Empedobacter brevis,Empedobacter brevis,Microorganism,NA
Lactobacillus jensenii,Lactobacillus jensenii,Microorganism,NA
Granulicatella elegans,Granulicatella elegans,Microorganism,NA
Fusarium falciforme,Fusarium falciforme,Microorganism,NA
Corynebacterium coyleae,Corynebacterium coyleae,Microorganism,NA
Hymenobacter swuensis,Hymenobacter swuensis,Microorganism,NA
Fusarium venenatum,Fusarium venenatum,Microorganism,NA
Massilia putida,Massilia putida,Microorganism,NA
Corynebacterium urealyticum,Corynebacterium urealyticum,Microorganism,NA
Paracoccus contaminans,Paracoccus contaminans,Microorganism,NA
Lactococcus raffinolactis,Lactococcus raffinolactis,Microorganism,NA
Acinetobacter pittii,Acinetobacter pittii,Microorganism,NA
Lawsonella clevelandensis,Lawsonella clevelandensis,Microorganism,NA
Geobacillus thermoleovorans,Geobacillus thermoleovorans,Microorganism,NA
Thalassiosira pseudonana,Thalassiosira pseudonana,Microorganism,NA
Rhizobium leguminosarum,Rhizobium leguminosarum,Microorganism,NA
Fenollaria massiliensis,Fenollaria massiliensis,Microorganism,NA
Streptococcus anginosus,Streptococcus anginosus,Microorganism,NA
Lactobacillus apis,Lactobacillus apis,Microorganism,NA
Lactobacillus amylovorus,Lactobacillus amylovorus,Microorganism,NA
Lacticaseibacillus rhamnosus,Lacticaseibacillus rhamnosus,Microorganism,NA
Candidatus Ichthyocystis hellenicum,Candidatus Ichthyocystis hellenicum,Microorganism,NA
Exiguobacterium sp. U13-1,Exiguobacterium sp. U13-1,Microorganism,NA
Neisseria macacae,Neisseria macacae,Microorganism,NA
Gardnerella piotii,Gardnerella piotii,Microorganism,NA
Acinetobacter junii,Acinetobacter junii,Microorganism,NA
Colletotrichum higginsianum,Colletotrichum higginsianum,Microorganism,NA
Pseudomonas psychrotolerans,Pseudomonas psychrotolerans,Microorganism,NA
Enterococcus faecalis,Enterococcus faecalis,Microorganism,NA
Candida orthopsilosis,Candida orthopsilosis,Microorganism,NA
Brettanomyces nanus,Brettanomyces nanus,Microorganism,NA
Amylolactobacillus amylophilus,Amylolactobacillus amylophilus,Microorganism,NA
Lactobacillus sp. ESL0684,Lactobacillus sp. ESL0684,Microorganism,NA
Corynebacterium afermentans,Corynebacterium afermentans,Microorganism,NA
Prevotella veroralis,Prevotella veroralis,Microorganism,NA
Sellimonas intestinalis,Sellimonas intestinalis,Microorganism,NA
Bacteroides salyersiae,Bacteroides salyersiae,Microorganism,NA
Delftia lacustris,Delftia lacustris,Microorganism,NA
Pseudoxanthomonas suwonensis,Pseudoxanthomonas suwonensis,Microorganism,NA
Dermacoccus nishinomiyaensis,Dermacoccus nishinomiyaensis,Microorganism,NA
Latilactobacillus curvatus,Latilactobacillus curvatus,Microorganism,NA
Gardnerella vaginalis,Gardnerella vaginalis,Microorganism,NA
Micrococcus yunnanensis,Micrococcus yunnanensis,Microorganism,NA
Lactobacillus gasseri,Lactobacillus gasseri,Microorganism,NA
Shinella sp. HZN7,Shinella sp. HZN7,Microorganism,NA
Acetilactobacillus jinshanensis,Acetilactobacillus jinshanensis,Microorganism,NA
Streptococcus suis,Streptococcus suis,Microorganism,NA
Sphingobium xenophagum,Sphingobium xenophagum,Microorganism,NA
Lactobacillus johnsonii,Lactobacillus johnsonii,Microorganism,NA
Corynebacterium bovis,Corynebacterium bovis,Microorganism,NA
Limosilactobacillus reuteri,Limosilactobacillus reuteri,Microorganism,NA
Xanthomonas campestris,Xanthomonas campestris,Microorganism,NA
Mycoplasma mycoides,Mycoplasma mycoides,Microorganism,NA
Nocardioides seonyuensis,Nocardioides seonyuensis,Microorganism,NA
Massilia sp. REN29,Massilia sp. REN29,Microorganism,NA
Propionibacterium freudenreichii,Propionibacterium freudenreichii,Microorganism,NA
Granulicella sp. WH15,Granulicella sp. WH15,Microorganism,NA
Vaginimicrobium propionicum,Vaginimicrobium propionicum,Microorganism,NA
Ahniella affigens,Ahniella affigens,Microorganism,NA
Clostridium chauvoei,Clostridium chauvoei,Microorganism,NA
Fusarium poae,Fusarium poae,Microorganism,NA
Iamia sp. SCSIO 61187,Iamia sp. SCSIO 61187,Microorganism,NA
Rhodobacter capsulatus,Rhodobacter capsulatus,Microorganism,NA
Corynebacterium glutamicum,Corynebacterium glutamicum,Microorganism,NA
Massilia sp. WG5,Massilia sp. WG5,Microorganism,NA
Sphingomonas sp. CL5.1,Sphingomonas sp. CL5.1,Microorganism,NA
Sphingomonas insulae,Sphingomonas insulae,Microorganism,NA
Microbacterium oxydans,Microbacterium oxydans,Microorganism,NA
Leptotrichia wadei,Leptotrichia wadei,Microorganism,NA
Haemophilus influenzae,Haemophilus influenzae,Microorganism,NA
Porphyromonas sp. oral taxon 275,Porphyromonas sp. oral taxon 275,Microorganism,NA
Luteitalea sp. TBR-22,Luteitalea sp. TBR-22,Microorganism,NA
Lactobacillus intestinalis,Lactobacillus intestinalis,Microorganism,NA
Fusobacterium nucleatum,Fusobacterium nucleatum,Microorganism,NA
Staphylococcus cohnii,Staphylococcus cohnii,Microorganism,NA
Ligilactobacillus ruminis,Ligilactobacillus ruminis,Microorganism,NA
Brochothrix thermosphacta,Brochothrix thermosphacta,Microorganism,NA
Vibrio anguillarum,Vibrio anguillarum,Microorganism,NA
Pseudomonas sp. S150,Pseudomonas sp. S150,Microorganism,NA
Humisphaera borealis,Humisphaera borealis,Microorganism,NA
Undibacterium sp. 20NA77.5,Undibacterium sp. 20NA77.5,Microorganism,NA
Mycoplasmoides fastidiosum,Mycoplasmoides fastidiosum,Microorganism,NA
Nakamurella multipartita,Nakamurella multipartita,Microorganism,NA
Trichocoleus desertorum,Trichocoleus desertorum,Microorganism,NA
Burkholderia thailandensis,Burkholderia thailandensis,Microorganism,NA
Eggerthella lenta,Eggerthella lenta,Microorganism,NA
Paracoccus sp. M09,Paracoccus sp. M09,Microorganism,NA
Gloeocapsa sp. PCC 7428,Gloeocapsa sp. PCC 7428,Microorganism,NA
Truepera radiovictrix,Truepera radiovictrix,Microorganism,NA
Lactococcus garvieae,Lactococcus garvieae,Microorganism,NA
Saccharomycodes ludwigii,Saccharomycodes ludwigii,Microorganism,NA
Neisseria elongata,Neisseria elongata,Microorganism,NA
Aspergillus luchuensis,Aspergillus luchuensis,Microorganism,NA
Lactobacillus paragasseri,Lactobacillus paragasseri,Microorganism,NA
Cloacibacterium normanense,Cloacibacterium normanense,Microorganism,NA
Kocuria palustris,Kocuria palustris,Microorganism,NA
Schleiferilactobacillus harbinensis,Schleiferilactobacillus harbinensis,Microorganism,NA
Pochonia chlamydosporia,Pochonia chlamydosporia,Microorganism,NA
Cutibacterium acnes,Cutibacterium acnes,Microorganism,NA
Corynebacterium durum,Corynebacterium durum,Microorganism,NA
Nocardioides sp. zg-1228,Nocardioides sp. zg-1228,Microorganism,NA
Acinetobacter ursingii,Acinetobacter ursingii,Microorganism,NA
Bacillus paralicheniformis,Bacillus paralicheniformis,Microorganism,NA
Flavisolibacter ginsenosidimutans,Flavisolibacter ginsenosidimutans,Microorganism,NA
Megamonas hypermegale,Megamonas hypermegale,Microorganism,NA
Veillonella parvula,Veillonella parvula,Microorganism,NA
Enterococcus faecium,Enterococcus faecium,Microorganism,NA
Solibacillus silvestris,Solibacillus silvestris,Microorganism,NA
Bacillus halotolerans,Bacillus halotolerans,Microorganism,NA
Pseudonocardia sp. EC080619-01,Pseudonocardia sp. EC080619-01,Microorganism,NA
Niveispirillum cyanobacteriorum,Niveispirillum cyanobacteriorum,Microorganism,NA
Paracoccus aestuarii,Paracoccus aestuarii,Microorganism,NA
Blautia wexlerae,Blautia wexlerae,Microorganism,NA
Corynebacterium stationis,Corynebacterium stationis,Microorganism,NA
Corynebacterium canis,Corynebacterium canis,Microorganism,NA
Lactobacillus acetotolerans,Lactobacillus acetotolerans,Microorganism,NA
Dermabacter jinjuensis,Dermabacter jinjuensis,Microorganism,NA
Corynebacterium matruchotii,Corynebacterium matruchotii,Microorganism,NA
Sugiyamaella lignohabitans,Sugiyamaella lignohabitans,Microorganism,NA
Enterobacter hormaechei,Enterobacter hormaechei,Microorganism,NA
Leptospira kobayashii,Leptospira kobayashii,Microorganism,NA
Paenibacillus physcomitrellae,Paenibacillus physcomitrellae,Microorganism,NA
Brevundimonas sp.,Brevundimonas sp.,Microorganism,NA
Sphingomonas sp. PAMC26645,Sphingomonas sp. PAMC26645,Microorganism,NA
Penicillium oxalicum,Penicillium oxalicum,Microorganism,NA
Brevundimonas pondensis,Brevundimonas pondensis,Microorganism,NA
Corynebacterium sp. SCR221107,Corynebacterium sp. SCR221107,Microorganism,NA
Lactobacillus crispatus,Lactobacillus crispatus,Microorganism,NA
Lactobacillus kefiranofaciens,Lactobacillus kefiranofaciens,Microorganism,NA
Crinalium epipsammum,Crinalium epipsammum,Microorganism,NA
Janibacter sp. YB324,Janibacter sp. YB324,Microorganism,NA
Delftia sp. HK171,Delftia sp. HK171,Microorganism,NA
Microbacterium sediminis,Microbacterium sediminis,Microorganism,NA
Frigoribacterium sp. SL97,Frigoribacterium sp. SL97,Microorganism,NA
Phocaeicola salanitronis,Phocaeicola salanitronis,Microorganism,NA
Gemella sanguinis,Gemella sanguinis,Microorganism,NA
Brevundimonas sp. PAMC22021,Brevundimonas sp. PAMC22021,Microorganism,NA
[Ruminococcus] gnavus,[Ruminococcus] gnavus,Microorganism,NA
Sphingomonas profundi,Sphingomonas profundi,Microorganism,NA
Marasmius oreades,Marasmius oreades,Microorganism,NA
Pseudomonas siliginis,Pseudomonas siliginis,Microorganism,NA
Sphingomonas sp. MM-1,Sphingomonas sp. MM-1,Microorganism,NA
Mobiluncus sp. Marseille-Q7826,Mobiluncus sp. Marseille-Q7826,Microorganism,NA
Stenotrophomonas maltophilia,Stenotrophomonas maltophilia,Microorganism,NA
Gardnerella swidsinskii,Gardnerella swidsinskii,Microorganism,NA
Corynebacterium sp. Z-1,Corynebacterium sp. Z-1,Microorganism,NA
Corynebacterium jeddahense,Corynebacterium jeddahense,Microorganism,NA
Massilia forsythiae,Massilia forsythiae,Microorganism,NA
Nitrosomonas stercoris,Nitrosomonas stercoris,Microorganism,NA
Acinetobacter towneri,Acinetobacter towneri,Microorganism,NA
Sphingomonas paucimobilis,Sphingomonas paucimobilis,Microorganism,NA
Lactobacillus amylolyticus,Lactobacillus amylolyticus,Microorganism,NA
Streptococcus oralis,Streptococcus oralis,Microorganism,NA
Babesia bovis,Babesia bovis,Microorganism,NA
Blautia sp. SC05B48,Blautia sp. SC05B48,Microorganism,NA
Lancefieldella sp. Marseille-Q7238,Lancefieldella sp. Marseille-Q7238,Microorganism,NA
Brevundimonas sp. Bb-A,Brevundimonas sp. Bb-A,Microorganism,NA
Urbifossiella limnaea,Urbifossiella limnaea,Microorganism,NA
Ligilactobacillus salivarius,Ligilactobacillus salivarius,Microorganism,NA
Frigidibacter mobilis,Frigidibacter mobilis,Microorganism,NA
Methylorubrum extorquens,Methylorubrum extorquens,Microorganism,NA
Tardibacter chloracetimidivorans,Tardibacter chloracetimidivorans,Microorganism,NA
Acidovorax sp. KKS102,Acidovorax sp. KKS102,Microorganism,NA
Porphyromonas gingivalis,Porphyromonas gingivalis,Microorganism,NA
Pseudomonas fragi,Pseudomonas fragi,Microorganism,NA
Candidatus Karelsulcia muelleri,Candidatus Karelsulcia muelleri,Microorganism,NA
Serratia sp. CMO1,Serratia sp. CMO1,Microorganism,NA
Aureimonas sp. AU12,Aureimonas sp. AU12,Microorganism,NA
Lactobacillus acidophilus,Lactobacillus acidophilus,Microorganism,NA
Pediococcus pentosaceus,Pediococcus pentosaceus,Microorganism,NA
Brucella anthropi,Brucella anthropi,Microorganism,NA
Corynebacterium kefirresidentii,Corynebacterium kefirresidentii,Microorganism,NA
Hydrogenophaga sp. NH-16,Hydrogenophaga sp. NH-16,Microorganism,NA
Candidatus Hodgkinia cicadicola,Candidatus Hodgkinia cicadicola,Microorganism,NA
Bifidobacterium bifidum,Bifidobacterium bifidum,Microorganism,NA
Glutamicibacter protophormiae,Glutamicibacter protophormiae,Microorganism,NA
Comamonas thiooxydans,Comamonas thiooxydans,Microorganism,NA
[Candida] auris,[Candida] auris,Microorganism,NA
Lactobacillus sp. ESL0785,Lactobacillus sp. ESL0785,Microorganism,NA
Schizosaccharomyces osmophilus,Schizosaccharomyces osmophilus,Microorganism,NA
Candida albicans,Candida albicans,Microorganism,NA
Bacillus amyloliquefaciens,Bacillus amyloliquefaciens,Microorganism,NA
Babesia bigemina,Babesia bigemina,Microorganism,NA
Cercospora beticola,Cercospora beticola,Microorganism,NA
Paenibacillus polymyxa,Paenibacillus polymyxa,Microorganism,NA
Veillonella atypica,Veillonella atypica,Microorganism,NA
Veillonella rodentium,Veillonella rodentium,Microorganism,NA
Megasphaera hexanoica,Megasphaera hexanoica,Microorganism,NA
Pelosinus sp. UFO1,Pelosinus sp. UFO1,Microorganism,NA
Veillonella rogosae,Veillonella rogosae,Microorganism,NA
Megasphaera stantonii,Megasphaera stantonii,Microorganism,NA
Corynebacterium ureicelerivorans,Corynebacterium ureicelerivorans,Microorganism,NA
Schaalia odontolytica,Schaalia odontolytica,Microorganism,NA
Micropruina glycogenica,Micropruina glycogenica,Microorganism,NA
Nocardioides okcheonensis,Nocardioides okcheonensis,Microorganism,NA
Shigella flexneri,Shigella flexneri,Microorganism,NA
Salmonella bongori,Salmonella bongori,Microorganism,NA
Rheinheimera mangrovi,Rheinheimera mangrovi,Microorganism,NA
Fusarium musae,Fusarium musae,Microorganism,NA
Enterobacter sp. T2,Enterobacter sp. T2,Microorganism,NA
Xanthomonas albilineans,Xanthomonas albilineans,Microorganism,NA
Corynebacterium sp. FDAARGOS 1242,Corynebacterium sp. FDAARGOS 1242,Microorganism,NA
Rhizoctonia solani,Rhizoctonia solani,Microorganism,NA
Staphylococcus pseudintermedius,Staphylococcus pseudintermedius,Microorganism,NA
Scardovia inopinata,Scardovia inopinata,Microorganism,NA
Acinetobacter sp. WY4,Acinetobacter sp. WY4,Microorganism,NA
Haemophilus haemolyticus,Haemophilus haemolyticus,Microorganism,NA
Arachnia propionica,Arachnia propionica,Microorganism,NA
Achromobacter sp. MFA1 R4,Achromobacter sp. MFA1 R4,Microorganism,NA
Fusobacterium polymorphum,Fusobacterium polymorphum,Microorganism,NA
Bacteriovorax stolpii,Bacteriovorax stolpii,Microorganism,NA
Citrobacter sp. S171,Citrobacter sp. S171,Microorganism,NA
Neisseria sp. oral taxon 014,Neisseria sp. oral taxon 014,Microorganism,NA
Gemella morbillorum,Gemella morbillorum,Microorganism,NA
Modestobacter sp. L9-4,Modestobacter sp. L9-4,Microorganism,NA
Lactobacillus sp. ESL0677,Lactobacillus sp. ESL0677,Microorganism,NA
Staphylococcus capitis,Staphylococcus capitis,Microorganism,NA
Methylobacterium brachiatum,Methylobacterium brachiatum,Microorganism,NA
Formosa agariphila,Formosa agariphila,Microorganism,NA
Massilia sp. NP310,Massilia sp. NP310,Microorganism,NA
Paracoccus yeei,Paracoccus yeei,Microorganism,NA
Phaeodactylum tricornutum,Phaeodactylum tricornutum,Microorganism,NA
Segatella copri,Segatella copri,Microorganism,NA
Brevundimonas naejangsanensis,Brevundimonas naejangsanensis,Microorganism,NA
Bifidobacterium sp. ESL0775,Bifidobacterium sp. ESL0775,Microorganism,NA
Luteitalea pratensis,Luteitalea pratensis,Microorganism,NA
Thermomonospora amylolytica,Thermomonospora amylolytica,Microorganism,NA
Pantoea agglomerans,Pantoea agglomerans,Microorganism,NA
Neisseria subflava,Neisseria subflava,Microorganism,NA
Ottowia sp. oral taxon 894,Ottowia sp. oral taxon 894,Microorganism,NA
Heyndrickxia coagulans,Heyndrickxia coagulans,Microorganism,NA
Peptostreptococcus sp. CBA3647,Peptostreptococcus sp. CBA3647,Microorganism,NA
Streptococcus infantis,Streptococcus infantis,Microorganism,NA
Sporolactobacillus terrae,Sporolactobacillus terrae,Microorganism,NA
Cellulomonas sp. ATA003,Cellulomonas sp. ATA003,Microorganism,NA
Brevundimonas vancanneytii,Brevundimonas vancanneytii,Microorganism,NA
Variovorax paradoxus,Variovorax paradoxus,Microorganism,NA
Fusobacterium hwasookii,Fusobacterium hwasookii,Microorganism,NA
Halalkalicoccus jeotgali,Halalkalicoccus jeotgali,Microorganism,NA
Ligilactobacillus murinus,Ligilactobacillus murinus,Microorganism,NA
Candidatus Fukatsuia symbiotica,Candidatus Fukatsuia symbiotica,Microorganism,NA
Leishmania mexicana,Leishmania mexicana,Microorganism,NA
Stenotrophomonas sp. 59,Stenotrophomonas sp. 59,Microorganism,NA
Simonsiella muelleri,Simonsiella muelleri,Microorganism,NA
Candidatus Liberibacter africanus,Candidatus Liberibacter africanus,Microorganism,NA
Microlunatus phosphovorus,Microlunatus phosphovorus,Microorganism,NA
Acidovorax temperans,Acidovorax temperans,Microorganism,NA
Verrucomicrobium spinosum,Verrucomicrobium spinosum,Microorganism,NA
Streptococcus pyogenes,Streptococcus pyogenes,Microorganism,NA
Peptoniphilus ivorii,Peptoniphilus ivorii,Microorganism,NA
Talaromyces marneffei,Talaromyces marneffei,Microorganism,NA
Aerococcus urinaeequi,Aerococcus urinaeequi,Microorganism,NA
Marmoricola scoriae,Marmoricola scoriae,Microorganism,NA
Corynebacterium glaucum,Corynebacterium glaucum,Microorganism,NA
Lactococcus cremoris,Lactococcus cremoris,Microorganism,NA
Friedmanniella luteola,Friedmanniella luteola,Microorganism,NA
Micrococcus sp. KBS0714,Micrococcus sp. KBS0714,Microorganism,NA
Fusarium oxysporum,Fusarium oxysporum,Microorganism,NA
Citrobacter freundii,Citrobacter freundii,Microorganism,NA
Corynebacterium glucuronolyticum,Corynebacterium glucuronolyticum,Microorganism,NA
Staphylococcus equorum,Staphylococcus equorum,Microorganism,NA
Bacillus subtilis,Bacillus subtilis,Microorganism,NA
Corynebacterium fournieri,Corynebacterium fournieri,Microorganism,NA
Azospirillum baldaniorum,Azospirillum baldaniorum,Microorganism,NA
Bacillus altitudinis,Bacillus altitudinis,Microorganism,NA
Veillonella sp. S12025-13,Veillonella sp. S12025-13,Microorganism,NA
Paracoccus stylophorae,Paracoccus stylophorae,Microorganism,NA
Planktothrix agardhii,Planktothrix agardhii,Microorganism,NA
Bacillus sp. 7D3,Bacillus sp. 7D3,Microorganism,NA
Neisseria meningitidis,Neisseria meningitidis,Microorganism,NA
Neisseria mucosa,Neisseria mucosa,Microorganism,NA
Roseomonas haemaphysalidis,Roseomonas haemaphysalidis,Microorganism,NA
Nocardioides sambongensis,Nocardioides sambongensis,Microorganism,NA
Botrytis cinerea,Botrytis cinerea,Microorganism,NA
Gemmata obscuriglobus,Gemmata obscuriglobus,Microorganism,NA
Abyssicoccus albus,Abyssicoccus albus,Microorganism,NA
Limosilactobacillus portuensis,Limosilactobacillus portuensis,Microorganism,NA
Prevotella bivia,Prevotella bivia,Microorganism,NA
Pedobacter roseus,Pedobacter roseus,Microorganism,NA
Neobacillus sp. PS2-9,Neobacillus sp. PS2-9,Microorganism,NA
Anaerobutyricum hallii,Anaerobutyricum hallii,Microorganism,NA
Janthinobacterium sp. 17J80-10,Janthinobacterium sp. 17J80-10,Microorganism,NA
Deinococcus ficus,Deinococcus ficus,Microorganism,NA
Fulvia fulva,Fulvia fulva,Microorganism,NA
Aeromonas salmonicida,Aeromonas salmonicida,Microorganism,NA
Fenollaria sporofastidiosus,Fenollaria sporofastidiosus,Microorganism,NA
Undibacterium parvum,Undibacterium parvum,Microorganism,NA
Staphylococcus condimenti,Staphylococcus condimenti,Microorganism,NA
Paracoccus sanguinis,Paracoccus sanguinis,Microorganism,NA
Talaromyces rugulosus,Talaromyces rugulosus,Microorganism,NA
Capillimicrobium parvum,Capillimicrobium parvum,Microorganism,NA
Flavobacterium sp. K5-23,Flavobacterium sp. K5-23,Microorganism,NA
Brevundimonas albigilva,Brevundimonas albigilva,Microorganism,NA
Lactobacillus panisapium,Lactobacillus panisapium,Microorganism,NA
Scheffersomyces stipitis,Scheffersomyces stipitis,Microorganism,NA
Corynebacterium ihumii,Corynebacterium ihumii,Microorganism,NA
Pseudoclavibacter sp. Marseille-Q3772,Pseudoclavibacter sp. Marseille-Q3772,Microorganism,NA
Limosilactobacillus pontis,Limosilactobacillus pontis,Microorganism,NA
Agrobacterium tumefaciens,Agrobacterium tumefaciens,Microorganism,NA
Advenella alkanexedens,Advenella alkanexedens,Microorganism,NA
Lactiplantibacillus paraplantarum,Lactiplantibacillus paraplantarum,Microorganism,NA
Fusarium graminearum,Fusarium graminearum,Microorganism,NA
Babesia microti,Babesia microti,Microorganism,NA
Streptococcus pseudopneumoniae,Streptococcus pseudopneumoniae,Microorganism,NA
Bacillus atrophaeus,Bacillus atrophaeus,Microorganism,NA
Listeria innocua,Listeria innocua,Microorganism,NA
Carnobacterium maltaromaticum,Carnobacterium maltaromaticum,Microorganism,NA
Clostridium cellulovorans,Clostridium cellulovorans,Microorganism,NA
Sporomusa termitida,Sporomusa termitida,Microorganism,NA
Sutterella faecalis,Sutterella faecalis,Microorganism,NA
Micrococcus luteus,Micrococcus luteus,Microorganism,NA
Staphylococcus sp. T93,Staphylococcus sp. T93,Microorganism,NA
Listeria monocytogenes,Listeria monocytogenes,Microorganism,NA
Corynebacterium maris,Corynebacterium maris,Microorganism,NA
Sutterella wadsworthensis,Sutterella wadsworthensis,Microorganism,NA
Lysinibacillus timonensis,Lysinibacillus timonensis,Microorganism,NA
Abyssibius alkaniclasticus,Abyssibius alkaniclasticus,Microorganism,NA
Caulobacter segnis,Caulobacter segnis,Microorganism,NA
Acinetobacter sp. SWBY1,Acinetobacter sp. SWBY1,Microorganism,NA
Kingella potus,Kingella potus,Microorganism,NA
Streptomyces albidoflavus,Streptomyces albidoflavus,Microorganism,NA
[Ochrobactrum] quorumnocens,[Ochrobactrum] quorumnocens,Microorganism,NA
Lactobacillus sp. IBH004,Lactobacillus sp. IBH004,Microorganism,NA
Corynebacterium minutissimum,Corynebacterium minutissimum,Microorganism,NA
Brevibacterium aurantiacum,Brevibacterium aurantiacum,Microorganism,NA
Lachnospira eligens,Lachnospira eligens,Microorganism,NA
Rhodococcus qingshengii,Rhodococcus qingshengii,Microorganism,NA
Bacillus cereus,Bacillus cereus,Microorganism,NA
Limosilactobacillus mucosae,Limosilactobacillus mucosae,Microorganism,NA
Comamonas terrigena,Comamonas terrigena,Microorganism,NA
Dictyostelium discoideum,Dictyostelium discoideum,Microorganism,NA
Anaerostipes hadrus,Anaerostipes hadrus,Microorganism,NA
Phocaeicola dorei,Phocaeicola dorei,Microorganism,NA
Lentilactobacillus buchneri,Lentilactobacillus buchneri,Microorganism,NA
Massilia sp. H6,Massilia sp. H6,Microorganism,NA
Corynebacterium accolens,Corynebacterium accolens,Microorganism,NA
Corynebacterium hadale,Corynebacterium hadale,Microorganism,NA
Nocardioides aquaticus,Nocardioides aquaticus,Microorganism,NA
Ureaplasma parvum,Ureaplasma parvum,Microorganism,NA
Acinetobacter sp. SCLZS86,Acinetobacter sp. SCLZS86,Microorganism,NA
Herbaspirillum huttiense,Herbaspirillum huttiense,Microorganism,NA
Kocuria rhizophila,Kocuria rhizophila,Microorganism,NA
Lactobacillus delbrueckii,Lactobacillus delbrueckii,Microorganism,NA
Aerococcus christensenii,Aerococcus christensenii,Microorganism,NA
Buchnera aphidicola,Buchnera aphidicola,Microorganism,NA
Ezakiella coagulans,Ezakiella coagulans,Microorganism,NA
Cupriavidus taiwanensis,Cupriavidus taiwanensis,Microorganism,NA
Priestia megaterium,Priestia megaterium,Microorganism,NA
Streptococcus toyakuensis,Streptococcus toyakuensis,Microorganism,NA
Megasphaera massiliensis,Megasphaera massiliensis,Microorganism,NA
Oscillatoria acuminata,Oscillatoria acuminata,Microorganism,NA
Lactococcus lactis,Lactococcus lactis,Microorganism,NA
Acinetobacter radioresistens,Acinetobacter radioresistens,Microorganism,NA
Bifidobacterium animalis,Bifidobacterium animalis,Microorganism,NA
Campylobacter hominis,Campylobacter hominis,Microorganism,NA
Pichia kudriavzevii,Pichia kudriavzevii,Microorganism,NA
Eremothecium sinecaudum,Eremothecium sinecaudum,Microorganism,NA
Sporisorium graminicola,Sporisorium graminicola,Microorganism,NA
Enterobacter asburiae,Enterobacter asburiae,Microorganism,NA
Janthinobacterium sp. J1-1,Janthinobacterium sp. J1-1,Microorganism,NA
Clostridium beijerinckii,Clostridium beijerinckii,Microorganism,NA
Aerococcus viridans,Aerococcus viridans,Microorganism,NA
Sphingomonas naphthae,Sphingomonas naphthae,Microorganism,NA
Microlunatus sagamiharensis,Microlunatus sagamiharensis,Microorganism,NA
Aliiroseovarius crassostreae,Aliiroseovarius crassostreae,Microorganism,NA
Actinotignum schaalii,Actinotignum schaalii,Microorganism,NA
Neisseria sicca,Neisseria sicca,Microorganism,NA
Mycoplasma feriruminatoris,Mycoplasma feriruminatoris,Microorganism,NA
Methylophilus medardicus,Methylophilus medardicus,Microorganism,NA
Mageeibacillus indolicus,Mageeibacillus indolicus,Microorganism,NA
Corynebacterium gottingense,Corynebacterium gottingense,Microorganism,NA
Nocardioides sp. S-1144,Nocardioides sp. S-1144,Microorganism,NA
Sphingomonas glaciei,Sphingomonas glaciei,Microorganism,NA
Brachybacterium sp. P6-10-X1,Brachybacterium sp. P6-10-X1,Microorganism,NA
Corynebacterium sanguinis,Corynebacterium sanguinis,Microorganism,NA
Chitinimonas koreensis,Chitinimonas koreensis,Microorganism,NA
Corynebacterium singulare,Corynebacterium singulare,Microorganism,NA
Pseudomonas fluorescens,Pseudomonas fluorescens,Microorganism,NA
Blastococcus saxobsidens,Blastococcus saxobsidens,Microorganism,NA
Rugamonas sp. DEMB1,Rugamonas sp. DEMB1,Microorganism,NA
Paracoccus marcusii,Paracoccus marcusii,Microorganism,NA
Pseudomonas oleovorans,Pseudomonas oleovorans,Microorganism,NA
Bordetella parapertussis,Bordetella parapertussis,Microorganism,NA
Clostridium perfringens,Clostridium perfringens,Microorganism,NA
Kytococcus sedentarius,Kytococcus sedentarius,Microorganism,NA
Prevotella histicola,Prevotella histicola,Microorganism,NA
Zymoseptoria tritici,Zymoseptoria tritici,Microorganism,NA
Hoylesella enoeca,Hoylesella enoeca,Microorganism,NA
Loigolactobacillus coryniformis,Loigolactobacillus coryniformis,Microorganism,NA
Anaerocolumna chitinilytica,Anaerocolumna chitinilytica,Microorganism,NA
Pseudomonas sp. FP215,Pseudomonas sp. FP215,Microorganism,NA
Geobacillus sp. GHH01,Geobacillus sp. GHH01,Microorganism,NA
Pseudonocardia broussonetiae,Pseudonocardia broussonetiae,Microorganism,NA
Sphingomonas sp. LHG3406-1,Sphingomonas sp. LHG3406-1,Microorganism,NA
Stutzerimonas stutzeri,Stutzerimonas stutzeri,Microorganism,NA
Corynebacterium genitalium,Corynebacterium genitalium,Microorganism,NA
Fusarium pseudograminearum,Fusarium pseudograminearum,Microorganism,NA
Lactobacillus sp. 3B(2020),Lactobacillus sp. 3B(2020),Microorganism,NA
Pseudomonas aeruginosa,Pseudomonas aeruginosa,Microorganism,NA
Mycoplasma capricolum,Mycoplasma capricolum,Microorganism,NA
Furfurilactobacillus rossiae,Furfurilactobacillus rossiae,Microorganism,NA
Nocardioides sp. JS614,Nocardioides sp. JS614,Microorganism,NA
Campylobacter ureolyticus,Campylobacter ureolyticus,Microorganism,NA
Staphylococcus saprophyticus,Staphylococcus saprophyticus,Microorganism,NA
Psychrobacter sp. van23A,Psychrobacter sp. van23A,Microorganism,NA
Streptococcus sp. 116-D4,Streptococcus sp. 116-D4,Microorganism,NA
Streptomyces sp. T12,Streptomyces sp. T12,Microorganism,NA
Gemmatirosa kalamazoonensis,Gemmatirosa kalamazoonensis,Microorganism,NA
Corynebacterium humireducens,Corynebacterium humireducens,Microorganism,NA
Streptococcus salivarius,Streptococcus salivarius,Microorganism,NA
Cellvibrio sp. KY-GH-1,Cellvibrio sp. KY-GH-1,Microorganism,NA
Methylomusa anaerophila,Methylomusa anaerophila,Microorganism,NA
Acinetobacter sp. LUNF3,Acinetobacter sp. LUNF3,Microorganism,NA
Granulicatella adiacens,Granulicatella adiacens,Microorganism,NA
Pseudonocardia dioxanivorans,Pseudonocardia dioxanivorans,Microorganism,NA
Janibacter limosus,Janibacter limosus,Microorganism,NA
Parafannyhessea umbonata,Parafannyhessea umbonata,Microorganism,NA
Methylobacterium indicum,Methylobacterium indicum,Microorganism,NA
Porphyromonas asaccharolytica,Porphyromonas asaccharolytica,Microorganism,NA
Arabiibacter massiliensis,Arabiibacter massiliensis,Microorganism,NA
Delftia sp. Cs1-4,Delftia sp. Cs1-4,Microorganism,NA
Lactobacillus sp. JM1,Lactobacillus sp. JM1,Microorganism,NA
Streptococcus mitis,Streptococcus mitis,Microorganism,NA
Schaalia turicensis,Schaalia turicensis,Microorganism,NA
Acutalibacter muris,Acutalibacter muris,Microorganism,NA
Dialister pneumosintes,Dialister pneumosintes,Microorganism,NA
Selenobaculum gbiensis,Selenobaculum gbiensis,Microorganism,NA
Cellvibrio sp. PSBB006,Cellvibrio sp. PSBB006,Microorganism,NA
Phocaeicola vulgatus,Phocaeicola vulgatus,Microorganism,NA
Corynebacterium simulans,Corynebacterium simulans,Microorganism,NA
Parascardovia denticolens,Parascardovia denticolens,Microorganism,NA
Roseomonas sp. OT10,Roseomonas sp. OT10,Microorganism,NA
Helicobacter pylori,Helicobacter pylori,Microorganism,NA
Prevotella sp. E13-17,Prevotella sp. E13-17,Microorganism,NA
Brevibacillus sp. NSP2.1,Brevibacillus sp. NSP2.1,Microorganism,NA
Dolosigranulum pigrum,Dolosigranulum pigrum,Microorganism,NA
Pseudomonas sp. BIOMIG1BAC,Pseudomonas sp. BIOMIG1BAC,Microorganism,NA
Kocuria rosea,Kocuria rosea,Microorganism,NA
Corynebacterium amycolatum,Corynebacterium amycolatum,Microorganism,NA
Enterocloster bolteae,Enterocloster bolteae,Microorganism,NA
Ottowia testudinis,Ottowia testudinis,Microorganism,NA
Rhizobium sp. BT-175,Rhizobium sp. BT-175,Microorganism,NA
Aristaeella lactis,Aristaeella lactis,Microorganism,NA
Roseburia intestinalis,Roseburia intestinalis,Microorganism,NA
Limosilactobacillus gastricus,Limosilactobacillus gastricus,Microorganism,NA
Variovorax sp. PAMC 28711,Variovorax sp. PAMC 28711,Microorganism,NA
Enterobacter ludwigii,Enterobacter ludwigii,Microorganism,NA
Phascolarctobacterium sp. Marseille-Q4147,Phascolarctobacterium sp. Marseille-Q4147,Microorganism,NA
Dysosmobacter welbionis,Dysosmobacter welbionis,Microorganism,NA
Deinococcus metallilatus,Deinococcus metallilatus,Microorganism,NA
Candidatus Formimonas warabiya,Candidatus Formimonas warabiya,Microorganism,NA
Brevundimonas nasdae,Brevundimonas nasdae,Microorganism,NA
Curtobacterium flaccumfaciens,Curtobacterium flaccumfaciens,Microorganism,NA
Phocaeicola coprophilus,Phocaeicola coprophilus,Microorganism,NA
Achromobacter spanius,Achromobacter spanius,Microorganism,NA
Clostridium intestinale,Clostridium intestinale,Microorganism,NA
Filifactor alocis,Filifactor alocis,Microorganism,NA
Massilia oculi,Massilia oculi,Microorganism,NA
Altererythrobacter sp. TH136,Altererythrobacter sp. TH136,Microorganism,NA
Roseococcus microcysteis,Roseococcus microcysteis,Microorganism,NA
Lactobacillus iners,Lactobacillus iners,Microorganism,NA
Salmonella enterica,Salmonella enterica,Microorganism,NA
Pikeienuella piscinae,Pikeienuella piscinae,Microorganism,NA
Megasphaera elsdenii,Megasphaera elsdenii,Microorganism,NA
Bacillus anthracis,Bacillus anthracis,Microorganism,NA
Murdochiella vaginalis,Murdochiella vaginalis,Microorganism,NA
Streptococcus agalactiae,Streptococcus agalactiae,Microorganism,NA
Thermothielavioides terrestris,Thermothielavioides terrestris,Microorganism,NA
Acinetobacter sp. KCTC 92772,Acinetobacter sp. KCTC 92772,Microorganism,NA
Leptolyngbya sp. BL0902,Leptolyngbya sp. BL0902,Microorganism,NA
turquoise,turquoise,Module,NA
purple,purple,Module,NA
grey,grey,Module,NA
green,green,Module,NA
brown,brown,Module,NA
blue,blue,Module,NA
red,red,Module,NA
pink,pink,Module,NA
black,black,Module,NA
yellow,yellow,Module,NA
greenyellow,greenyellow,Module,NA
magenta,magenta,Module,NA
tan,tan,Module,NA
